mco_id,mco_name,mco_owner,owner_id,address,city,state_abbreviation,zip,url,profit_status,private_public,telephone_one,telephone_two,fax,contracted_pbm,contracted_sp_vendor,service_areas,aliases,provider_sponsored,blues,al,ak,ar,az,ca,co,ct,dc,de,fl,ga,hi,ia,id,il,in,ks,ky,la,ma,me,mi,md,mn,ms,mo,mt,nc,nd,ne,nh,nj,nm,nv,ny,oh,ok,or,pa,ri,sc,sd,tn,tx,ut,va,vt,wa,wi,wv,wy,pr,foreign487,"Security Health Plan of Wisconsin, Inc.",Marshfield Clinic.,,1515 Saint Joseph Avenue; P.O. Box 8000,Marshfield,WI,54449-8000,www.securityhealth.org,Not-for-profit.,Private.,(715) 221-9555,(800) 472-2363,(715) 221-9500,,,Wisconsin.,,YES,NO,0,0,0,0,0,0,0,0,0,0,0,0,0,0,0,0,0,0,0,0,0,0,0,0,0,0,0,0,0,0,0,0,0,0,0,0,0,0,0,0,0,0,0,0,0,0,0,0,"181,013",0,0,0,491,Unity Health Insurance,UW Health.,,840 Carolina Street,Sauk City,WI,53583,www.unityhealth.com,For-profit.,Private.,(608) 643-2491,(800) 362-3309,(608) 643-2564,MedImpact Healthcare Systems,UW Health Pharmacies,Wisconsin.,,YES,NO,0,0,0,0,0,0,0,0,0,0,0,0,0,0,0,0,0,0,0,0,0,0,0,0,0,0,0,0,0,0,0,0,0,0,0,0,0,0,0,0,0,0,0,0,0,0,0,0,"150,343",0,0,0,507,Parkland Community Health Plan,Dallas County Hospital District.,,2777 North Stemmons Freeway,Dallas,TX,75207,www.parklandhmo.com,Not-for-profit.,Government.,(214) 266-2100,,(214) 266-2150,Texas Health and Human Services Commission,Texas Health and Human Services Commission,Texas.,aka Parkland Healthfirst.,NO,NO,0,0,0,0,0,0,0,0,0,0,0,0,0,0,0,0,0,0,0,0,0,0,0,0,0,0,0,0,0,0,0,0,0,0,0,0,0,0,0,0,0,0,0,"196,496",0,0,0,0,0,0,0,0,508,Blue Cross and Blue Shield of Texas (BCBSTX),"Health Care Service Corporation, a mutual legal reserve company.",2,1001 East Lookout Drive,Richardson,TX,75082,www.bcbstx.com,Not-for-profit.,Mutual company.,(972) 766-6900,(800) 521-2227,(972) 766-0862,Prime Therapeutics,Prime Therapeutics,Texas.,"HCSC Insurance Services Company, HMO Blue Texas.",NO,YES,0,0,0,0,0,0,0,0,0,0,0,0,0,0,0,0,0,0,0,0,0,0,0,0,0,0,0,0,0,0,0,0,0,0,0,0,0,0,0,0,0,0,0,"4,752,509",0,0,0,0,0,0,0,0,371,Blue Cross and Blue Shield of New Mexico,"Health Care Service Corporation, a mutual legal reserve company.",2,"5701 Balloon Fiesta Parkway, NE",Albuquerque,NM,87113,www.bcbsnm.com,Not-for-profit.,Private.,(505) 291-3500,(505) 653-6000,(505) 837-2600,Prime Therapeutics,PrimeRxSpecialty (a program of Prime Therapeutics with Triessent Specialty Pharmacy),New Mexico.,Formerly HMO New Mexico.,NO,YES,0,0,0,0,0,0,0,0,0,0,0,0,0,0,0,0,0,0,0,0,0,0,0,0,0,0,0,0,0,0,0,0,"283,334",0,0,0,0,0,0,0,0,0,0,0,0,0,0,0,0,0,0,0,372,Presbyterian Health Plan/Presbyterian Insurance Company,Presbyterian Healthcare Services.,,P.O. Box 27489,Albuquerque,NM,87125,www.phs.org,For-profit.,Private.,(505) 923-5700,(505) 923-5678,(505) 923-5540,Catamaran Corporation,,"Arizona, Colorado, New Mexico, Texas.",Presbyterian Insurance Company.,YES,NO,0,0,0,101,0,344,0,0,0,0,0,0,0,0,0,0,0,0,0,0,0,0,0,0,0,0,0,0,0,0,0,0,"420,223",0,0,0,0,0,0,0,0,0,0,543,0,0,0,0,0,0,0,0,378,"HealthPartners, Inc.",,,8170 33rd Avenue S,Minneapolis,MN,55425,www.healthpartners.com,Not-for-profit.,Private.,(952) 883-6000,(952) 883-5000,,MedImpact Healthcare Systems,CVS/Caremark Rx,"Minnesota, Wisconsin.","HealthPartners Insurance Company, Inc., Group Health Plan",YES,NO,0,0,0,0,0,0,0,0,0,0,0,0,0,0,0,0,0,0,0,0,0,0,0,"792,075",0,0,0,0,0,0,0,0,0,0,0,0,0,0,0,0,0,0,0,0,0,0,0,0,"33,769",0,0,0,1609,CalViva Health,Fresno-Kings-Madera Regional Health Authority,,"1315 Van Ness Avenue, Suite 103",Fresno,CA,93721,www.calvivahealth.org,Not-for-profit,Government.,(866) 863-2465,(888) 893-1569,,,,California.,,NO,NO,0,0,0,0,"213,967",0,0,0,0,0,0,0,0,0,0,0,0,0,0,0,0,0,0,0,0,0,0,0,0,0,0,0,0,0,0,0,0,0,0,0,0,0,0,0,0,0,0,0,0,0,0,0,651,Umpqua Health Alliance,,,"1813 West Harvard, Suite 206",Roseburg,OR,97471,www.umpquahealthalliance.org,Not-for-profit.,Private.,(541) 229-4842,(800) 877-6304,,,,Oregon.,,NO,NO,0,0,0,0,0,0,0,0,0,0,0,0,0,0,0,0,0,0,0,0,0,0,0,0,0,0,0,0,0,0,0,0,0,0,0,0,0,"16,399",0,0,0,0,0,0,0,0,0,0,0,0,0,0,653,ITASCA Medical Care,,,1209 Southeast 2nd Avenue,Grand Rapids,MN,55744-3983,www.imcare.org,Not-for-profit.,Government.,(218) 327-2941,,(218) 327-5561,CVS/Caremark Rx,CVS/Caremark Rx,Minnesota.,IMCare.,NO,NO,0,0,0,0,0,0,0,0,0,0,0,0,0,0,0,0,0,0,0,0,0,0,0,"6,736",0,0,0,0,0,0,0,0,0,0,0,0,0,0,0,0,0,0,0,0,0,0,0,0,0,0,0,0,658,Mid Rogue IPA HealthPlan,"Mid Rogue IPA Holding Company, Inc.",,740 Southeast 7th Street,Grants Pass,OR,97526,www.mripa.org,For-profit.,Private.,(541) 471-4106,(888) 460-0185,(541) 471-1524,,,Oregon.,"Mid Rogue Independent Physician Association (IPA), Mid Rogue Community Health Plan, CareSource, AllCare Health Plan (fka Mid Rogue Oregon Health Plan).",YES,NO,0,0,0,0,0,0,0,0,0,0,0,0,0,0,0,0,0,0,0,0,0,0,0,0,0,0,0,0,0,0,0,0,0,0,0,0,0,"32,690",0,0,0,0,0,0,0,0,0,0,0,0,0,0,662,MDWise,Clarian Hospital and Wishard Hospital.,,"1200 Madison Avenue, Suite 400",Indianapolis,IN,46225,www.mdwise.org,Not-for-profit.,Private.,(317) 630-2831,(800) 356-1204,(317) 822-7310,,,Indiana.,MDWise Hoosier Alliance; fka CIMCO.,YES,NO,0,0,0,0,0,0,0,0,0,0,0,0,0,0,0,"338,892",0,0,0,0,0,0,0,0,0,0,0,0,0,0,0,0,0,0,0,0,0,0,0,0,0,0,0,0,0,0,0,0,0,0,0,0,196,Boston Medical Center HealthNet Plan,"Boston Medical Center Health Plan, Inc. (BMCHP)",112,"2 Copley Place, Suite 600",Boston,MA,02116,www.bmchp.org,Not-for-profit.,Private.,(617) 748-6000,(800) 792-4355,(617) 748-6316,EnvisionRx,,Massachusetts.,BMC HealthNet Plan.,YES,NO,0,0,0,0,0,0,0,0,0,0,0,0,0,0,0,0,0,0,0,"290,600",0,0,0,0,0,0,0,0,0,0,0,0,0,0,0,0,0,0,0,0,0,0,0,0,0,0,0,0,0,0,0,0,0148,Contra Costa Health Plan,Contra Costa Health Services.,,"595 Center Avenue, Suite 100",Martinez,CA,94553,http://cchealth.org/healthplan,Not-for-profit.,Private.,(925) 313-6000,(877) 661-6230,(925) 313-6002,PerformRx,,"Contra Costa County, California.",,YES,NO,0,0,0,0,"123,341",0,0,0,0,0,0,0,0,0,0,0,0,0,0,0,0,0,0,0,0,0,0,0,0,0,0,0,0,0,0,0,0,0,0,0,0,0,0,0,0,0,0,0,0,0,0,0,69,SelectHealth,Intermountain Healthcare.,,5381 Green Street,Murray,UT,84123,www.selecthealth.org,Not-for-profit.,Private.,(801) 442-5500,(800) 538-5038,(801) 442-6510,SelectHealth Prescriptions,,"Idaho, Utah.","Formerly IHC Health Plans, Inc.; SelectAccess; SelectHealth Community Care.",YES,NO,0,0,0,0,0,0,0,0,0,0,0,0,0,"31,322",0,0,0,0,0,0,0,0,0,0,0,0,0,0,0,0,0,0,0,0,0,0,0,0,0,0,0,0,0,0,"614,583",0,0,0,0,0,0,0,206,"WellCare Health Plans, Inc.",WellCare Group of Companies.,,P.O. Box 31372,Tampa,FL,33634,www.wellcare.com,For-profit.,Public.,(813) 290-6200,(877) 817-2589,(877) 297-3112,Exactus Pharmacy Solutions,,"Arizona, California, Connecticut, Florida, Georgia, Hawaii, Illinois, Kentucky, Louisiana, Missouri, Nevada, New Jersey, New York, Ohio, South Carolina, Texas.","Desert Canyon Community Care, Easy Choice Health Plan, First Choice, Harmony Health Plan, HealthEase of Florida, Ohana Health Plan, Preferred One, Staywell, WellCare Health Insurance of Arizona, WellCare of Connecticut, WellCare of Florida, WellCare of Georgia, Wellcare Health Insurance of Illinois, WellCare of Louisiana, WellCare of Ohio, WellCare Health Insurance of New York, WellCare Health Plans of New Jersey, WellCare of Texas.",NO,NO,0,0,0,"3,736","55,169",0,"8,028",0,0,"469,857","558,344","44,664",0,0,"153,552",0,0,"289,209","7,899",0,0,0,0,0,0,"104,794",0,0,0,0,0,"1,373",0,24,"135,876","4,831",0,0,0,0,"46,429",0,0,"21,982",0,0,0,0,0,0,0,0,1693,Sendero Health Plans,Central Health,,"2028 East Ben White Boulevard, #200",Austin,TX,78741,http://senderohealth.com,Not-for-profit,Government.,(512) 978-8855,,(512) 275-2862,Navitus Health Solutions,,Texas.,,NO,NO,0,0,0,0,0,0,0,0,0,0,0,0,0,0,0,0,0,0,0,0,0,0,0,0,0,0,0,0,0,0,0,0,0,0,0,0,0,0,0,0,0,0,0,"10,321",0,0,0,0,0,0,0,0,1694,Elderserve Long Term Health Care,Hebrew Home for the Aging,,94 West 225 Street,Bronx,NY,10463,www.elderservehealth.org,Not-for-profit,Private.,(800) 370-3600,,,,,New York.,,YES,NO,0,0,0,0,0,0,0,0,0,0,0,0,0,0,0,0,0,0,0,0,0,0,0,0,0,0,0,0,0,0,0,0,0,0,"9,938",0,0,0,0,0,0,0,0,0,0,0,0,0,0,0,0,0,1695,Village Care,,,"120 Broadway, Suite 2840",New York,NY,10271,www.vcny.org,Not-for-profit,Private.,(212) 337-5600,,,,,New York.,VillageCareMax.,YES,NO,0,0,0,0,0,0,0,0,0,0,0,0,0,0,0,0,0,0,0,0,0,0,0,0,0,0,0,0,0,0,0,0,0,0,"2,461",0,0,0,0,0,0,0,0,0,0,0,0,0,0,0,0,0,314,"Community Health Choice, Inc. (CHC)",Harris County Hospital District.,,"2636 South Loop West, Suite 700",Houston,TX,77054,www.chchealth.org,Not-for-profit.,Private.,(713) 295-2294,(888) 760-2600,,Navitus Health Solutions,,Texas.,,YES,NO,0,0,0,0,0,0,0,0,0,0,0,0,0,0,0,0,0,0,0,0,0,0,0,0,0,0,0,0,0,0,0,0,0,0,0,0,0,0,0,0,0,0,0,"243,609",0,0,0,0,0,0,0,0,315,"Health Alliance Medical Plans, Inc.",Care Clinic Association.,,301 South Vine Street,Urbana,IL,61801,www.healthalliance.org,For-profit.,Private.,(800) 851-3379,,(217) 337-8093,"MedImpact Healthcare Systems, Catamaran Corporation",CVS/Caremark Rx,"Illinois, Iowa, Nebraska, Washington.","Health Alliance Midwest, Health Alliance Northwest, Health Alliance Connect.",YES,NO,25,2,47,104,94,46,4,1,0,221,52,1,"2,682",7,"264,612","1,182",24,203,13,34,4,51,13,56,9,731,9,49,0,722,5,13,8,9,17,53,13,15,16,0,33,5,75,463,2,16,5,37,91,0,3,0,421,Health Choice Management Company,IASIS Healthcare.,,"410 North 44th Street, Suite 900",Phoenix,AZ,85008,www.healthchoiceaz.com,For-profit.,Private.,(480) 968-6866,(800) 322-8670,(480) 784-2933,Catamaran Corporation,BriovaRx,"Arizona, Utah.","Health Choice Generations; Health Choice Arizona, Inc.; Health Choice Insurance Co.; Health Choice Utah.",YES,NO,0,0,0,"207,400",0,0,0,0,0,0,0,0,0,0,0,0,0,0,0,0,0,0,0,0,0,0,0,0,0,0,0,0,0,0,0,0,0,0,0,0,0,0,0,0,"2,600",0,0,0,0,0,0,0,187,"HIP, an EmblemHealth Company","EmblemHealth, Inc.",13,55 Water Street,New York,NY,10041,www.emblemhealth.com,Not-for-profit.,Private.,(646) 447-5000,(800) 447-8255,(646) 447-3223,Express Scripts,Express Scripts,"Florida, New Jersey, New York.","HIP Health Plan of New York, Vytra.",NO,NO,12,0,1,38,49,19,648,8,25,755,90,1,0,0,2,2,4,5,9,28,9,5,57,5,3,1,2,193,0,3,13,"4,421",3,45,"725,155",18,7,3,893,8,96,1,18,40,4,104,13,8,4,5,3,8,189,Health Partners Plan,HealthPartners.,,"901 Market Street, Suite 500",Philadelphia,PA,19107,www.healthpartnersplans.com,Not-for-profit.,Private.,(215) 849-9606,(800) 553-0784,(215) 991-4126,"SelectScripts, LLC",,Pennsylvania.,Health Partners of Philadelphia.,NO,NO,0,0,0,0,0,0,0,0,0,0,0,0,0,0,0,0,0,0,0,0,0,0,0,0,0,0,0,0,0,0,0,0,0,0,0,0,0,0,"175,623",0,0,0,0,0,0,0,0,0,0,0,0,0,545,Priority Health,Spectrum Health.,,"1231 East Beltline Avenue, NE",Grand Rapids,MI,49525,www.priorityhealth.com,Not-for-profit.,Private.,(800) 446-5674,(616) 464-8000,(616) 942-5651,Argus Health Systems,Diplomat Specialty Pharmacy,Michigan.,"Priority Health Government Programs, Physicians Health Plan of South Michigan.",YES,NO,0,0,0,0,0,0,0,0,0,0,0,0,0,0,0,0,0,0,0,0,0,"543,190",0,0,0,0,0,0,0,0,0,0,0,0,0,0,0,0,0,0,0,0,0,0,0,0,0,0,0,0,0,0,559,Care1st Health Plan,Care1st Health Plan.,18,601 Potrero Grande Drive,Monterey Park,CA,91755,www.care1st.com,For-profit.,Private.,(323) 889-6638,(800) 605-2556,(323) 889-6255,MedImpact Healthcare Systems,,California.,UHP Healthcare.,NO,NO,0,0,0,0,"158,023",0,0,0,0,0,0,0,0,0,0,0,0,0,0,0,0,0,0,0,0,0,0,0,0,0,0,0,0,0,0,0,0,0,0,0,0,0,0,0,0,0,0,0,0,0,0,0,1347,"Health Net, Inc.","Health Net, Inc.",,21650 Oxnard Street,Woodland Hills,CA,91367,www.healthnet.com,For-profit.,Public.,(818) 676-6000,(800) 291-6911,(818) 676-8591,CVS/Caremark Rx,,"Primarily Arizona, California, Oregon and parts of Washington. TRICARE North contract in 22 states and District of Columbia.","Health Net of Arizona, Health Net of California, Health Net Health Plan of Oregon, Health Net Federal Services, MHN, MHN Government Services.",NO,NO,0,0,0,"156,000","2,197,000",0,0,0,0,0,0,0,0,0,0,0,0,0,0,0,0,0,0,0,0,0,0,0,0,0,0,0,0,0,0,0,0,"113,000",0,0,0,0,0,0,0,0,0,0,0,0,0,0,1359,Aetna,Aetna Inc.,9,151 Farmington Avenue,Hartford,CT,06156,www.aetna.com,For-profit.,Public.,(860) 273-0123,(800) 872-3862,(860) 273-2062,Aetna Pharmacy Management,Aetna Specialty Pharmacy,Nationwide.,"Delaware Physician's Care, Innovation Health, Integral Quality Care, Prudential. New acquisitions are GenworthFinancial, Inc. and Prodigy Health Group.",NO,NO,"49,695","38,689","54,778","757,001","1,594,426","220,886","441,324","322,767","221,350","1,008,353","536,590","9,005","65,913","43,425","528,838","190,727","105,134","94,840","116,183","209,336","143,838","265,482","366,890","79,242","74,325","182,764","20,762","279,959","54,617","68,623","45,142","1,118,445","26,152","137,433","897,969","694,181","168,096","100,534","1,152,900","19,149","115,536","9,358","208,183","2,436,381","85,382","520,672","15,514","283,464","115,300","61,587","9,716",0,"523,811"645,Comprehensive Medical and Dental Program (CMDP),State of Arizona.,,"P.O. Box 29202, Site Code 942C",Phoenix,AZ,85038-9202,www.azdes.gov/cmdp,Not-for-profit.,Government.,(602) 351-2245,(800) 201-1795,(602) 264-3801,MedImpact Healthcare Systems,,Arizona.,fka Arizona Department of Economic Security (DES).,NO,NO,0,0,0,"15,000",0,0,0,0,0,0,0,0,0,0,0,0,0,0,0,0,0,0,0,0,0,0,0,0,0,0,0,0,0,0,0,0,0,0,0,0,0,0,0,0,0,0,0,0,0,0,0,0,764,South Country Health Alliance,,,110 West Fremont Street,Owatonna,MN,55060,www.mnscha.org,Not-for-profit.,Government.,(507) 444-7770,(866) 567-7242,(507) 444-7774,PerformRx,PerformRx,Minnesota.,,NO,NO,0,0,0,0,0,0,0,0,0,0,0,0,0,0,0,0,0,0,0,0,0,0,0,"24,912",0,0,0,0,0,0,0,0,0,0,0,0,0,0,0,0,0,0,0,0,0,0,0,0,0,0,0,0,162,Alameda Alliance for Health,,,1240 South Loop Road,Alameda,CA,94502,www.alamedaalliance.org OR www.alliancecompletecare.org,Not-for-profit.,Government.,(510) 747-4500,,(855) 891-7170,MedImpact Healthcare Systems,Bioscrip,California.,"Alameda CompleteCare, Alliance CompleteCare.",NO,NO,0,0,0,0,"163,229",0,0,0,0,0,0,0,0,0,0,0,0,0,0,0,0,0,0,0,0,0,0,0,0,0,0,0,0,0,0,0,0,0,0,0,0,0,0,0,0,0,0,0,0,0,0,0,163,Partnership HealthPlan of California,Solano-Napa-Yolo Commission on Medical Care.,,4665 Business Center Drive,Fairfield,CA,94534-1675,www.partnershiphp.org,Not-for-profit.,Government.,(707) 863-4100,,(707) 863-4117,MedImpact Healthcare Systems,,California.,,NO,NO,0,0,0,0,"349,687",0,0,0,0,0,0,0,0,0,0,0,0,0,0,0,0,0,0,0,0,0,0,0,0,0,0,0,0,0,0,0,0,0,0,0,0,0,0,0,0,0,0,0,0,0,0,0,164,Central California Alliance for Health,Santa Cruz-Monterey-Merced Managed Medical Care Commission.,,"1600 Green Hills Road, Suite 101",Scotts Valley,CA,95066,www.ccah-alliance.org,Not-for-profit.,Government.,(831) 430-5500,(800) 700-3874,(831) 430-5852,MedImpact Healthcare Systems,Diplomat Specialty Pharmacy,California.,"Central California Alliance for Health, The Alliance, Central Coast Alliance for Health, Santa Cruz Monterey-Merced Managed Medical Care Commission, Santa Cruz County Health Options.",NO,NO,0,0,0,0,"225,152",0,0,0,0,0,0,0,0,0,0,0,0,0,0,0,0,0,0,0,0,0,0,0,0,0,0,0,0,0,0,0,0,0,0,0,0,0,0,0,0,0,0,0,0,0,0,0,170,Fallon Community Health Plan (FCHP),,,10 Chestnut Street,Worcester,MA,01608,www.fchp.org,Not-for-profit.,Private.,(508) 799-2100,(800) 333-2535,(508) 831-1141,CVS/Caremark Rx,CVS/Caremark Rx,Massachusetts.,"Fallon Health and Life Assurance Company, Inc.; Summit Elder Care; NaviCare; Fallon Total Care (FTC).",YES,NO,0,0,0,0,0,0,0,0,0,0,0,0,0,0,0,0,0,0,0,"189,916",0,0,0,0,0,0,0,0,0,0,0,0,0,0,0,0,0,0,0,0,0,0,0,0,0,0,0,0,0,0,0,0,30,University Physicians Health Plans,Maricopa Integrated Health System.,101,2701 East Elvira Road,Tucson,AZ,85756,www.ufcaz.com,Not-for-profit.,Private.,(800) 582-8686,,(866) 210-0512,Express Scripts,,Arizona.,University Family Care (UFC); University of Arizona Health Plans.,YES,NO,0,0,0,"98,373",0,0,0,0,0,0,0,0,0,0,0,0,0,0,0,0,0,0,0,0,0,0,0,0,0,0,0,0,0,0,0,0,0,0,0,0,0,0,0,0,0,0,0,0,0,0,0,0,736,Driscoll Health Plan,,,"615 North Upper Broadway, Suite 1621",Corpus Christi,TX,78401-0764,www.driscollhealthplan.com,Not-for-profit.,Private.,(877) 324-7543,,,Navitus Health Solutions,CVS/Caremark Rx,Texas.,Driscoll Children’s Health Plan.,YES,NO,0,0,0,0,0,0,0,0,0,0,0,0,0,0,0,0,0,0,0,0,0,0,0,0,0,0,0,0,0,0,0,0,0,0,0,0,0,0,0,0,0,0,0,"109,786",0,0,0,0,0,0,0,0,1332,Coventry Health and Life Insurance Company,"Aetna, Inc.",9,6705 Rockledge Drive,Bethesda,MD,20817,www.coventryhealthcare.com,For-profit.,Public.,(301) 581-0600,,,Express Scripts,Aetna Specialty Pharmacy,Nationwide.,"Altius Health Plans in Utah, Idaho, Wyoming, and Colorado; Carelink Health Plans in West Virginia; First Health Network; Group Health Plan in Illinois and Missouri; HealthAmerica of Pennsylvania, Inc./HealthAssurance Pennsylvania in Ohio and Pennsylvania; HealthCare USA of Missouri; OmniCare Health Plan in Michigan; PersonalCare in Illinois; Preferred Health Systems/Preferred Plus of Kansas and MHP, Inc., aka Mercy Health Plans, Premier Health Plans, Mercy Health Plans of Missouri, Children's Mercy's Family Health Partners in Missouri; Southern Health Services in Virginia; Summit Health Plan in New Jersey, New York, Oregon, Pennsylvania, Puerto Rico, South Carolina, Tennessee and Texas; Vista Healthplans in Florida; and WellPath Community Health Plans in North and South Carolina as well as CHCcares of South Carolina, The Diamond Plan.",NO,NO,"7,019",561,"19,464","10,297","14,550","7,705","1,814","4,656","20,071","305,899","238,266",366,"71,297","8,540","153,809","7,792","250,567","255,060","71,114","3,112","2,266","45,867","48,871","3,484","7,455","996,698","2,136","179,522","1,078","192,247","1,887","7,182","2,388","14,142","7,278","31,639","36,335","4,182","476,337",526,"44,873","8,929","17,110","31,962","177,865","141,306",772,"5,191","5,027","94,564","3,956",56,"21,323"134,"Kaiser Foundation Health Plan, Inc.",Kaiser Permanente.,26,"One Kaiser Plaza, 300 Lakeside Drive",Oakland,CA,94612,www.kp.org,Not-for-profit.,Private.,(800) 464-4000,,(510) 271-6493,"MedImpact Healthcare Systems, Catamaran Corporation",,"California, plus Medicare Advantage plans in other states.",Kaiser Foundation Health Plan-Southern California; Kaiser Foundation Health Plan-Northern California.,NO,NO,0,0,0,766,"7,091,140",119,0,0,0,76,44,343,0,85,26,0,0,0,15,0,0,0,14,0,0,0,0,12,0,0,0,0,19,935,29,20,13,415,0,0,0,69,0,272,69,19,0,295,0,0,0,0,01027,CenterLight Healthcare,"CenterLight Health System, Inc.",,2401 White Plains Road,Bronx,NY,10467,www.centerlighthealthcare.org,Not-for-profit.,Private.,(877) 226-8500,(718) 515-8600,(718) 515-5253,,,New York.,formerly Comprehensive Care Management (CCM); CenterLight Healthcare Select.,YES,NO,0,0,0,0,0,0,0,0,0,0,0,0,0,0,0,0,0,0,0,0,0,0,0,0,0,0,0,0,0,0,0,0,0,0,"20,780",0,0,0,0,0,0,0,0,0,0,0,0,0,0,0,0,0,204,"Fidelis Care, Inc.",,,95-25 Queens Boulevard,Rego Park,NY,11374,www.fideliscare.org,Not-for-profit.,Private.,(718) 896-6500,(888) 343-3547,(718) 896-1920,,,New York.,"New York State Catholic Health Plan, Fidelis Care New York, Fidelis Care at Home.",NO,NO,0,0,0,0,0,0,0,0,0,0,0,0,0,0,0,0,0,0,0,0,0,0,0,0,0,0,0,0,0,0,0,0,0,0,"918,410",0,0,0,0,0,0,0,0,0,0,0,0,0,0,0,0,0,205,"Preferred Medical Plan, Inc.",,,4950 Southwest 8th Street,Coral Gables,FL,33134,www.pmphmo.com,For-profit.,Private.,(305) 447-8373,(800) 767-5551,(305) 445-4581,MedImpact Healthcare Systems,,Florida.,,NO,NO,0,0,0,0,0,0,0,0,0,"39,942",0,0,0,0,0,0,0,0,0,0,0,0,0,0,0,0,0,0,0,0,0,0,0,0,0,0,0,0,0,0,0,0,0,0,0,0,0,0,0,0,0,0,805,Moda Health,,,601 Southwest 2nd Avenue; P.O. Box 40384,Portland,OR,97204-0384,www.odscompanies.com,For-profit.,Private.,(503) 228-6554,(877) 605-3229,(503) 948-5558,MedImpact Healthcare Systems,"Walgreens Specialty Pharmacy, Express Scripts","Alaska, Oregon, Washington.","Formerly ODS Health Plans, Eastern Oregon CCO.",NO,NO,0,0,0,0,0,0,0,0,0,0,0,0,0,0,0,0,0,0,0,0,0,0,0,0,0,0,0,0,0,0,0,0,0,0,0,0,0,"311,903",0,0,0,0,0,0,0,0,0,0,0,0,0,0,843,"Care1st Health Plan Arizona, Inc.",Care1st Health Plan.,18,"2355 East Camelback Road, Suite 300",Phoenix,AZ,85016,www.care1st.com/az,For-profit.,Private.,(602) 778-1800,(866) 560-4042,(602) 778-1863,MedImpact Healthcare Systems,,Arizona (Maricopa and Pima Counties).,,NO,NO,0,0,0,"69,329",0,0,0,0,0,0,0,0,0,0,0,0,0,0,0,0,0,0,0,0,0,0,0,0,0,0,0,0,0,0,0,0,0,0,0,0,0,0,0,0,0,0,0,0,0,0,0,0,398,BlueCross BlueShield of South Carolina,,,1-20 at Alpine Road,Columbia,SC,29219,"www.SouthCarolinaBlues.com, www.BlueChoiceSC.com",For-profit,Mutual company.,(803) 788-0222,,,CVS/Caremark Rx,Accredo (fka CuraScript Specialty Pharmacy),South Carolina.,"Companion HealthCare Corporation, now BlueChoice HealthPlan of South Carolina, is the licensed HMO subsidiary of Blue Cross and Blue Shield of South Carolina; InStil Health Insurance Company.",NO,YES,0,0,0,0,0,0,0,0,0,0,0,0,0,0,0,0,0,0,0,0,0,0,0,0,0,0,0,0,0,0,0,0,0,0,0,0,0,0,0,0,"662,023",0,0,0,0,0,0,0,0,0,0,0,563,"Kern Health Systems, Inc.",County Health Authority.,,9700 Stockdale Highway,Bakersfield,CA,93311,www.kernhealthsystems.com,Not-for-profit.,Private.,(661) 664-5000,,,Argus Health Systems,,"Kern County, California.",Kern Family Health Care.,NO,NO,0,0,0,0,"133,150",0,0,0,0,0,0,0,0,0,0,0,0,0,0,0,0,0,0,0,0,0,0,0,0,0,0,0,0,0,0,0,0,0,0,0,0,0,0,0,0,0,0,0,0,0,0,0,564,LA Care Health Plan,,,"1055 West 7th Street, 10th Floor",Los Angeles,CA,90017,www.lacare.org,Not-for-profit.,Government.,(213) 694-1250,(888) 839-9909,(213) 694-1246,MedImpact Healthcare Systems,,California.,"Local Initiative Health Authority for LA County, dba LA Care Health Plan.",NO,NO,0,0,0,0,"1,168,224",0,0,0,0,0,0,0,0,0,0,0,0,0,0,0,0,0,0,0,0,0,0,0,0,0,0,0,0,0,0,0,0,0,0,0,0,0,0,0,0,0,0,0,0,0,0,0,569,CenCal Health,,,4050 Calle Real,Santa Barbara,CA,93110,www.cencalhealth.org,Not-for-profit.,Government.,(805) 685-9525,(800) 421-2560,(805) 692-1684,MedImpact Healthcare Systems,,California.,"fka Santa Barbara Regional Health Authority, aka San Luis Obispo Regional Health Authority.",NO,NO,0,0,0,0,"111,203",0,0,0,0,0,0,0,0,0,0,0,0,0,0,0,0,0,0,0,0,0,0,0,0,0,0,0,0,0,0,0,0,0,0,0,0,0,0,0,0,0,0,0,0,0,0,0,820,"Community Care Health Plan, Inc.",,,205 Bishops Way,Brookfield,WI,53005,www.communitycareinc.org,Not-for-profit.,Private.,(414) 231-4000,(866) 992-6600,(262) 827-4044,PharmaStar,,Wisconsin.,"Community Care, Inc.; Family Care.",NO,NO,0,0,0,0,0,0,0,0,0,0,0,0,0,0,0,0,0,0,0,0,0,0,0,0,0,0,0,0,0,0,0,0,0,0,0,0,0,0,0,0,0,0,0,0,0,0,0,0,"11,856",0,0,0,172,"Tufts Associated Health Plans, Inc.",,,705 Mt. Auburn Street,Watertown,MA,02472,www.tuftshealthplan.com,Not-for-profit.,Mutual company.,(617) 923-5406,(800) 462-0224,(617) 923-5880,CVS/Caremark Rx,"Express Scripts (Curascript), CVS/Caremark Rx","Massachusetts, Rhode Island.","Network Health, Tufts Medicare Preferred.",NO,NO,0,0,0,0,0,0,0,0,0,0,0,0,0,0,0,0,0,0,0,"989,000",0,0,0,0,0,0,0,0,0,0,0,0,0,0,0,0,0,0,0,"10,467",0,0,0,0,0,0,0,0,0,0,0,0,177,Health Alliance Plan of Michigan,Henry Ford Health System.,,2850 West Grand Boulevard,Detroit,MI,48202,www.hap.org,Not-for-profit.,Private.,(313) 872-8100,(800) 422-4641,(248) 443-0944,Catamaran Corporation (claims processing only),"BioScrip, Pharmacy Advantage",Michigan.,"Alliance Health Plan for HMO, Alliance Health and Life Insurance Company, Midwest Health Plan, HAP Senior Plus.",YES,NO,0,0,0,0,0,0,0,0,0,0,0,0,0,0,0,0,0,0,0,0,0,"671,256",0,0,0,0,0,0,0,0,0,0,0,0,0,0,0,0,0,0,0,0,0,0,0,0,0,0,0,0,0,0,145,San Francisco Health Plan (SFHP),San Francisco Community Health Authority.,,"201 Third Street, 7th Floor",San Francisco,CA,94103,www.sfhp.org,Not-for-profit.,Government.,(415) 547-7818,(415) 547-7800,(415) 547-7826,Catamaran Corporation,,California.,"Healthy San Francisco, SF Path.",NO,NO,0,0,0,0,"82,901",0,0,0,0,0,0,0,0,0,0,0,0,0,0,0,0,0,0,0,0,0,0,0,0,0,0,0,0,0,0,0,0,0,0,0,0,0,0,0,0,0,0,0,0,0,0,0,146,Santa Clara Family Health Plan,,,210 East Hacienda Avenue,Campbell,CA,95008-6617,www.scfhp.com,Not-for-profit.,Government.,(408) 376-2000,,,MedImpact Healthcare Systems,,California.,aka Healthy Workers.,NO,NO,0,0,0,0,"155,064",0,0,0,0,0,0,0,0,0,0,0,0,0,0,0,0,0,0,0,0,0,0,0,0,0,0,0,0,0,0,0,0,0,0,0,0,0,0,0,0,0,0,0,0,0,0,0,185,Medica Health Plans,,,401 Carlson Parkway,Minnetonka,MN,55305,www.medica.com,Not-for-profit.,Private.,(952) 992-2900,(800) 952-3455,(952) 992-3377,MedImpact Healthcare Systems,"Walgreens Specialty Pharmacy, Fairview Pharmacy Services","Minnesota and adjacent counties in North Dakota, South Dakota; also Wisconsin.","Medica Insurance Company, Medica Health Plans of Wisconsin",NO,NO,0,0,0,0,0,0,0,0,0,0,0,0,0,0,0,0,0,0,0,0,0,0,0,"1,526,000",0,0,0,0,"13,000",0,0,0,0,0,0,0,0,0,0,0,0,"1,000",0,0,0,0,0,0,"16,000",0,0,0,283,Horizon Blue Cross Blue Shield,"Horizon Healthcare Services, Inc.",,Three Penn Plaza East,Newark,NJ,07105,www.horizonblue.com,Not-for-profit.,Private.,(973) 466-4000,,(973) 466-8342,Prime Therapeutics,,New Jersey.,"Horizon HMO, Horizon Healthcare of New Jersey, Horizon Healthcare Servies",NO,YES,0,0,0,0,0,0,0,0,0,0,0,0,0,0,0,0,0,0,0,0,0,0,0,0,0,0,0,0,0,0,0,"1,840,175",0,0,0,0,0,0,0,0,0,0,0,0,0,0,0,0,0,0,0,0,0381,Samaritan Health Plans,Samaritan Health Services (SHS).,,"815 Northwest 9th Street, Suite 101",Corvallis,OR,97330,www.samhealth.org/healthplans,Not-for-profit.,Private.,(541) 768-4550,(800) 832-4580,,,,Oregon.,"Samaritan Advantage, Samaritan Choice Plans, Samaritan InterCommunity Health Network CCO (IHN-CCO).",YES,NO,0,0,0,0,0,0,0,0,0,0,0,0,0,0,0,0,0,0,0,0,0,0,0,0,0,0,0,0,0,0,0,0,0,0,0,0,0,"49,483",0,0,0,0,0,0,0,0,0,0,0,0,0,0,389,Virginia Premier Health Plan,Virginia Commonwealth University Health System.,,"600 East Broad Street, Suite 400; P.O. Box 5307",Richmond,VA,23220,www.vapremier.com,Not-for-profit,Private.,(800) 727-7536,,,Envision Pharmaceutical Services,,Virginia.,,YES,NO,0,0,0,0,0,0,0,0,0,0,0,0,0,0,0,0,0,0,0,0,0,0,0,0,0,0,0,0,0,0,0,0,0,0,0,0,0,0,0,0,0,0,0,0,0,"172,965",0,0,0,0,0,0,11,"Blue Cross and Blue Shield of Florida, Inc.",,97,4800 Deerwood Campus Parkway,Jacksonville,FL,32246,www.floridablue.com,Not-for-profit.,Private.,(904) 905-0000,(800) 267-3156,(904) 905-5650,Prime Therapeutics,CVS/Caremark Rx,Florida.,"Florida Blue; Florida True Health; Health Options, Inc.",NO,YES,0,0,0,0,0,0,0,0,0,"2,922,415",0,0,0,0,0,0,0,0,0,0,0,0,0,0,0,0,0,0,0,0,0,0,0,0,0,0,0,0,0,0,0,0,0,0,0,0,0,0,0,0,0,0,13,AlohaCare,,,"1357 Kapiolani Boulevard, Suite 1250",Honolulu,HI,96814,www.alohacare.org,Not-for-profit.,Private.,(808) 973-1650,(800) 434-1002,(808) 973-0726,,,Hawaii.,AlohaCare QUEST,YES,NO,0,0,0,0,0,0,0,0,0,0,0,"69,374",0,0,0,0,0,0,0,0,0,0,0,0,0,0,0,0,0,0,0,0,0,0,0,0,0,0,0,0,0,0,0,0,0,0,0,0,0,0,0,0,24,Phoenix Health Plans,Tenet Healthcare.,,"7878 North 16th Street, Suite 105",Phoenix,AZ,85020,www.phoenixhealthplans.com,Not-for-profit.,Private subsidiary of public company.,(602) 824-3700,,,,,Arizona.,"Fka Abrazo Advantage Health Plan, Community Connection.",YES,NO,0,0,0,"94,083",0,0,0,0,0,0,0,0,0,0,0,0,0,0,0,0,0,0,0,0,0,0,0,0,0,0,0,0,0,0,0,0,0,0,0,0,0,0,0,0,0,0,0,0,0,0,0,0,49,"Kaiser Foundation Health Plan of the Mid-Atlantic States, Inc.","Kaiser Foundation Health Plan, Inc.",26,2101 East Jefferson Street,Rockville,MD,20852,www.kp.org,Not-for-profit.,Private.,(301) 816-2424,(301) 468-6000,,MedImpact Healthcare Systems,,"District of Columbia, Maryland, Virginia.","Kaiser-Georgetown Community Health Plan, Inc.; Kaiser Permanente; KP Medicare Plus; KP Signature.",NO,NO,0,0,0,0,0,0,0,"49,434",0,0,0,0,0,0,0,0,0,0,0,0,0,0,"249,650",0,0,0,0,0,0,0,0,0,0,0,0,0,0,0,0,0,0,0,0,0,0,"186,002",0,0,0,0,0,0,85,CareOregon,,,"315 SW Fifth Avenue, Suite 900",Portland,OR,97204,www.careoregon.org,Not-for-profit.,Private.,(503) 416-4100,,(503) 416-3720,Catamaran Corporation,,Oregon.,"CareOregon Advantage, Columbia Pacific CCO, Jackson Care Connect CCO.",NO,NO,0,0,0,0,0,0,0,0,0,0,0,0,0,0,0,0,0,0,0,0,0,0,0,0,0,0,0,0,0,0,0,0,0,0,0,0,0,"153,928",0,0,0,0,0,0,0,0,0,0,0,0,0,0,086,FamilyCare Health Plans,"FamilyCare, Inc.",,"825 Northeast Multnomah, Suite 300",Portland,OR,97232,www.familycareinc.org,Not-for-profit.,Private.,(503) 222-3205,,(503) 222-2392,CVS/Caremark Rx,,Oregon.,,NO,NO,0,0,0,0,0,0,0,0,0,0,0,0,0,0,0,0,0,0,0,0,0,0,0,0,0,0,0,0,0,0,0,0,0,0,0,0,0,"53,881",0,0,0,0,0,0,0,0,0,0,0,0,0,0,87,Tuality Health Alliance,Tuality Healthcare.,,335 Southeast 8th Avenue,Hillsboro,OR,97123,www.tualityhealthalliance.org,Not-for-profit.,Private.,(603) 681-1817,(503) 844-8104,(503) 681-1981,"Express Scripts, CVS/Caremark Rx","Express Scripts, CVS/Caremark Rx",Oregon.,"Select-Plus, Oregon Health Plan, Tuality Healthcare Plans, First Choice Health.",YES,NO,0,0,0,0,0,0,0,0,0,0,0,0,0,0,0,0,0,0,0,0,0,0,0,0,0,0,0,0,0,0,0,0,0,0,0,0,0,"9,659",0,0,0,0,0,0,0,0,0,0,0,0,0,0,90,Community Health Plan of Washington (CHPW),Community Health Network of Washington.,,"720 Olive Way, Suite 300",Seattle,WA,98101,www.chpw.org,Not-for-profit.,Private.,(206) 521-8833,(800) 440-1561,(206) 521-8834,Express Scripts,,Washington.,Community HealthFirst; Community HealthEssentials; Washington Apple Health (formerly Healthy Options); S Medical; Washington Health Program.,YES,NO,0,0,0,0,0,0,0,0,0,0,0,0,0,0,0,0,0,0,0,0,0,0,0,0,0,0,0,0,0,0,0,0,0,0,0,0,0,0,0,0,0,0,0,0,0,0,0,"299,649",0,0,0,0,099,Physicians Plus Insurance Corporation,Owned by Meriter Health Services and local physician investors.,,"2650 Novation Parkway, Suite 400",Madison,WI,53713,www.pplusic.com,For-profit.,Private.,(608) 282-8900,,(608) 327-0321,,"Walgreens Specialty Pharmacy, Meriter Outpatient Pharmacy",Wisconsin.,,YES,NO,0,0,0,0,0,0,0,0,0,0,0,0,0,0,0,0,0,0,0,0,0,0,0,0,0,0,0,0,0,0,0,0,0,0,0,0,0,0,0,0,0,0,0,0,0,0,0,0,"82,280",0,0,0,1109,"Humana, Inc.","Humana, Inc.",,500 West Main Street,Louisville,KY,40202,www.humana.com,For-profit.,Public.,(502) 580-1000,(800) 486-2620,,Humana Pharmacy Solutions,Humana Pharmacy Solutions,Nationwide.,"Arcadian Health, CarePlus, Cariten, CHA Health, Evergreen Health Plan, KMG America, MD Care, MetCare Health Plans (aka AdvantageCare), OSF Health Plans and Evergreen Health Plan.",NO,NO,"43,100",400,"42,100","90,800","29,300","89,500",700,0,"1,700","749,900","299,000","4,500","24,500","11,100","351,000","104,600","67,100","754,900","217,100","3,900","5,300","85,300","1,100","38,300","58,200","86,100","10,200","77,400","3,800","13,900","3,900","2,100","14,800","49,700","10,800","409,300","27,500","3,900","33,800",900,"64,400","8,400","212,500","719,100","65,900","113,900",500,"34,900","277,800","65,200","1,400","641,700",01156,AIDS Healthcare Foundation,,,1001 North Martel Avenue,Los Angeles,CA,90046,www.positivehealthcare.org,Not-for-profit.,Private.,(323) 436-5000,,(323) 337-9141,MedImpact Healthcare Systems,MedImpact Healthcare Systems,California and Florida.,"Positive Healthcare Partners, Positive Healthcare California, Positive Healthcare Florida.",YES,NO,0,0,0,0,"1,660",0,0,0,0,"1,349",0,0,0,0,0,0,0,0,0,0,0,0,0,0,0,0,0,0,0,0,0,0,0,0,0,0,0,0,0,0,0,0,0,0,0,0,0,0,0,0,0,0,1242,Independent Care Health Plan (iCare),,,"1555 North River Center Drive, Suite 206",Milwaukee,WI,53212,www.icare-wi.org,For-profit,Private.,(414) 223-4847,(800) 777-4376,(414) 231-1092,MedImpact Healthcare Systems,,Wisconsin.,iCare.,NO,NO,0,0,0,0,0,0,0,0,0,0,0,0,0,0,0,0,0,0,0,0,0,0,0,0,0,0,0,0,0,0,0,0,0,0,0,0,0,0,0,0,0,0,0,0,0,0,0,0,"15,068",0,0,0,966,Senior Care Connection,Northeast Health.,,504 State Street,Schenectady,NY,12305,www.nehealth.com/Senior_Services,Not-for-profit,Private.,(518) 382-3290,(518) 274-3339,(518) 382-3398,,,New York.,Eddy SeniorCare.,YES,NO,0,0,0,0,0,0,0,0,0,0,0,0,0,0,0,0,0,0,0,0,0,0,0,0,0,0,0,0,0,0,0,0,0,0,272,0,0,0,0,0,0,0,0,0,0,0,0,0,0,0,0,0,814,University of Utah Health Plans,University of Utah Health Care.,,"6053 Fashion Square Drive, Building 3113",Murray,UT,84107,www.uhealthplan.utah.edu,Not-for-profit.,Private.,(801) 587-6480,(888) 271-5870,(801) 587-6433,Ventegra/NPS,,Utah.,"University Health Care Health Plans, University Health Care Plus, Healthy U, UNI BHN, Flex Care (Medicaid)",YES,NO,0,0,0,0,0,0,0,0,0,0,0,0,0,0,0,0,0,0,0,0,0,0,0,0,0,0,0,0,0,0,0,0,0,0,0,0,0,0,0,0,0,0,0,0,"140,025",0,0,0,0,0,0,0,01759,Trusted Health Plan,,,"1100 New Jersey Avenue, SE, Suite 840",Washington,DC,20003,www.trustedhp.com,For-profit.,Private.,(202) 821-1100,(855) 326-4831,,MeridianRx,,District of Columbia.,,NO,NO,0,0,0,0,0,0,0,"27,456",0,0,0,0,0,0,0,0,0,0,0,0,0,0,0,0,0,0,0,0,0,0,0,0,0,0,0,0,0,0,0,0,0,0,0,0,0,0,0,0,0,0,0,0,149,Health Plan of San Mateo,San Mateo Health Commission.,,"701 Gateway Boulevard, Suite 400",South San Francisco,CA,94080,www.hpsm.org,Not-for-profit.,Government.,(650) 616-0050,,(650) 616-0060,Argus Health Systems,Argus Health Systems,California.,HPSM.,NO,NO,0,0,0,0,"110,742",0,0,0,0,0,0,0,0,0,0,0,0,0,0,0,0,0,0,0,0,0,0,0,0,0,0,0,0,0,0,0,0,0,0,0,0,0,0,0,0,0,0,0,0,0,0,0,53,Rocky Mountain Health Plans (RMHP),Rocky Mountain Health Management Corporation (RMHMC).,,"2775 Crossroads Boulevard, P.O. Box 10600",Grand Junction,CO,81502-5600,www.rmhp.org,Not-for-profit.,Private.,(970) 244-7760,(800) 843-0719,(970) 244-7880,Express Scripts,"US BioServices, US Specialty, Express Scripts (Curascript)",Colorado.,Rocky Mountain HMO; Rocky Mountain HealthCare Options; CNIC Health Solutions.,NO,NO,0,0,0,0,0,"192,876",0,0,0,0,0,0,0,0,0,0,0,0,0,0,0,0,0,0,0,0,0,0,0,0,0,0,0,0,0,0,0,0,0,0,0,0,0,0,0,0,0,0,0,0,0,0,55,"Kaiser Foundation Health Plan of the Northwest, Inc.",Kaiser Permanente.,26,"500 NE Multnomah, Suite 100",Portland,OR,97232,www.kp.org,Not-for-profit.,Private.,(503) 813-2800,,(503) 813-4967,"MedImpact Healthcare Systems, Catamaran Corporation",,"Oregon, Washington, plus Medicare Advantage plans in other states.",Includes Kaiser Permanente Health Alternatives (KPHA Health Plans).,NO,NO,0,0,0,35,103,0,0,0,0,0,0,0,0,0,0,0,0,0,0,0,0,0,0,0,0,0,0,0,0,0,0,0,0,0,0,0,0,"449,912",0,0,0,0,0,0,0,0,0,"20,784",0,0,0,0,67,Providence Health Plan,Providence Health & Services.,,P.O. Box 4327,Portland,OR,97208-4327,www.providence.org/healthplans,Not-for-profit.,Private.,(503) 574-7500,(503) 574-7550,(503) 574-7543,Providence Health Plan,Providence Specialty Pharmacy Services,"Alaska, Oregon, Washington.",Providence ElderPACE.,YES,NO,67,"6,730",53,183,"6,717",140,32,32,7,203,101,20,28,"3,137",113,52,22,195,15,61,9,52,44,98,23,49,286,177,3,12,42,60,53,125,108,64,22,"327,330",78,14,81,2,105,270,186,5,80,"46,972",42,11,3,0,804,PacificSource Health Plans,,,110 International Way,Springfield,OR,97477,www.pacificsource.com,Not-for-profit.,Private.,(541) 686-1242,(888) 977-9299,(541) 225-3645,CVS/Caremark Rx,CVS/Caremark Rx,"Idaho, Montana, Oregon.",Primary Health Network dba PacificSource Health Plans of Idaho.,NO,NO,0,0,0,0,0,0,0,0,0,0,0,0,0,"56,399",0,0,0,0,0,0,0,0,0,0,0,0,"17,302",0,0,0,0,0,0,0,0,0,0,"204,846",0,0,0,0,0,0,0,0,0,0,0,0,0,0,193,"Total Health Care, Inc.","Total Health Care USA, Inc.",,"3011 West Grand Boulevard, Suite 1600",Detroit,MI,48202,www.thcmi.com,Not-for-profit.,Private.,(313) 871-2000,(800) 826-2862,(313) 871-6407,Catamaran Corporation,CVS/Caremark Rx (Rx America),Michigan.,Total Medicare Plus.,YES,NO,0,0,0,0,0,0,0,0,0,0,0,0,0,0,0,0,0,0,0,0,0,"92,246",0,0,0,0,0,0,0,0,0,0,0,0,0,0,0,0,0,0,0,0,0,0,0,0,0,0,0,0,0,0,1045,Amida Care,,,"248 West 35th Street, 7th Floor",New York,NY,10001,www.amidacareny.org,Not-for-profit.,Private.,(646) 786-1800,(800) 556-0689,(646) 786-1801,Express Scripts,,New York.,fka VidaCare.,NO,NO,0,0,0,0,0,0,0,0,0,0,0,0,0,0,0,0,0,0,0,0,0,0,0,0,0,0,0,0,0,0,0,0,0,0,"5,957",0,0,0,0,0,0,0,0,0,0,0,0,0,0,0,0,0,103,Denver Health Medical Plan,Denver Health and Hospital Authority.,,"777 Bannock Street, MC 6000",Denver,CO,80204,www.denverhealthmedicalplan.com,Not-for-profit.,Private.,(303) 602-2100,(800) 700-8140,(303) 602-2096,MedImpact Healthcare Systems,,Colorado.,,NO,NO,0,0,0,0,0,"71,599",0,0,0,0,0,0,0,0,0,0,0,0,0,0,0,0,0,0,0,0,0,0,0,0,0,0,0,0,0,0,0,0,0,0,0,0,0,0,0,0,0,0,0,0,0,0,592,Hawaii Medical Service Association,,,P.O. Box 860,Honolulu,HI,96808,www.hmsa.com,Not-for-profit.,Mutual company.,(808) 948-6111,,(808) 948-5567,CVS/Caremark Rx,CVS/Caremark Rx,"Hawaii, plus Medicare Advantage plans in California and Nevada.","Blue Cross Blue Shield of Hawaii, HMO Hawaii, Health Plan Hawaii.",NO,YES,0,0,0,0,14,0,0,0,0,0,0,"722,081",0,0,0,0,0,0,0,0,0,0,0,0,0,0,0,0,0,0,0,0,0,29,0,0,0,0,0,0,0,0,0,0,0,0,0,0,0,0,0,0,613,Excellus BlueCross BlueShield,Lifetime Healthcare Companies.,61,165 Court Street,Rochester,NY,14647,www.excellusbcbs.com,Not-for-profit.,Private.,(585) 454-1700,,,"MedImpact Healthcare Systems, FLRx (internal PBM)",Express Scripts (Curascript),New York.,"Upstate HMO; the Excellus Health Plan, Inc.",NO,YES,0,0,0,0,0,0,0,0,0,0,0,0,0,0,0,0,0,0,0,0,0,0,0,0,0,0,0,0,0,0,0,0,0,0,"1,720,584",0,0,0,0,0,0,0,0,0,0,0,0,0,0,0,0,0,1392,"Total Senior Care, Inc.","Community Care of Western New York, Inc.",,519 North Union Street,Olean,NY,14760,www.totalseniorcare.org,Not-for-profit.,Private.,(716) 379-8474,(866) 939-8613,,,,New York.,,YES,NO,0,0,0,0,0,0,0,0,0,0,0,0,0,0,0,0,0,0,0,0,0,0,0,0,0,0,0,0,0,0,0,0,0,0,162,0,0,0,0,0,0,0,0,0,0,0,0,0,0,0,0,0,1553,"Simply Healthcare Plans, Inc.",Simply Healthcare Holdings.,113,1701 Ponce De Leon,Coral Gables,FL,33134,www.simplyhealthcareplans.com,For-profit.,Private.,(305) 408-5700,(800) 213-1133,,Catamaran,,Florida.,dba Clear Health Alliance.,NO,NO,0,0,0,0,0,0,0,0,0,"62,847",0,0,0,0,0,0,0,0,0,0,0,0,0,0,0,0,0,0,0,0,0,0,0,0,0,0,0,0,0,0,0,0,0,0,0,0,0,0,0,0,0,0,1558,Independence Care Systems (ICSNY),,,"257 Park Avenue South, 2nd Floor",New York,NY,10010-7304,www.icsny.org,Not-for-profit,Private.,(212) 584-2500,,(212) 584-2555,,,New York.,,YES,NO,0,0,0,0,0,0,0,0,0,0,0,0,0,0,0,0,0,0,0,0,0,0,0,0,0,0,0,0,0,0,0,0,0,0,"5,046",0,0,0,0,0,0,0,0,0,0,0,0,0,0,0,0,0,158,Gold Coast Health Plan,Ventura County Medi-Cal Managed Care Commission,,"2220 East Gonzales Road, Suite 200",Oxnard,CA,93030,www.goldcoasthealthplan.org,Not-for-profit.,Government.,(805) 981-5321,(888) 301-1228,(805) 981-5314,ScriptCare,,California.,Ventura County Medi-Cal Managed Care Commission dba Gold Coast Health Plan; fka Ventura County Health Care Plan.,NO,NO,0,0,0,0,"135,897",0,0,0,0,0,0,0,0,0,0,0,0,0,0,0,0,0,0,0,0,0,0,0,0,0,0,0,0,0,0,0,0,0,0,0,0,0,0,0,0,0,0,0,0,0,0,0,1365,"ProCare Health Plan, Inc.",Vanguard Health Systems,,P.O. Box 441970,Detroit,MI,48244,www.procarehp.com,Not-for-profit.,Private.,(313) 267-0300,(800) 543-0161,(313) 966-7520,ScriptGuide Rx,,Michigan.,,YES,NO,0,0,0,0,0,0,0,0,0,0,0,0,0,0,0,0,0,0,0,0,0,"2,650",0,0,0,0,0,0,0,0,0,0,0,0,0,0,0,0,0,0,0,0,0,0,0,0,0,0,0,0,0,0,1699,MajestaCare,"Carilion Clinic Medicare Resources, LLC",110,"213 South Jefferson Street, Suite 101",Roanoke,VA,24011,www.majestacare.com,For-profit.,Private.,(866) 996-9140,,(855) 385-4048,,,Virginia.,,YES,NO,0,0,0,0,0,0,0,0,0,0,0,0,0,0,0,0,0,0,0,0,0,0,0,0,0,0,0,0,0,0,0,0,0,0,0,0,0,0,0,0,0,0,0,0,0,"10,954",0,0,0,0,0,0,1713,Meridian Health Plan of Illinois,Meridian Health Plan,109,"333 South Wabash Avenue, Suite 2900",Chicago,IL,60604,www.mhplan.com/il,For-profit,Private.,(312) 705-2900,(866) 606-3700,(312) 980-0404,Meridian Rx,Meridian Rx,Illinois.,,NO,NO,0,0,0,0,0,0,0,0,0,0,0,0,0,0,"23,246",0,0,0,0,0,0,0,0,0,0,0,0,0,0,0,0,0,0,0,0,0,0,0,0,0,0,0,0,0,0,0,0,0,0,0,0,0,1714,Meridian Health Plan of Iowa,Meridian Health Plan,109,"666 Grand Avenue, 14th Floor",Des Moines,IA,50309,www.mhplan.com/ia,For-profit,Private.,(515) 802-3500,(877) 204-9132,(515) 802-3572,Meridian Rx,Meridian Rx,Iowa.,,NO,NO,0,0,0,0,0,0,0,0,0,0,0,0,"37,089",0,0,0,0,0,0,0,0,0,0,0,0,0,0,0,0,0,0,0,0,0,0,0,0,0,0,0,0,0,0,0,0,0,0,0,0,0,0,0,1715,Meridian Health Plan of New Hampshire,Meridian Health Plan,109,"900 Elm Street, Suite 1800",Manchester,NH,03101,www.mhplan.com/nh,For-profit,Private.,(877) 480-8250,,,Meridian Rx,Meridian Rx,New Hampshire.,,NO,NO,0,0,0,0,0,0,0,0,0,0,0,0,0,0,0,0,0,0,0,0,0,0,0,0,0,0,0,0,0,0,"24,990",0,0,0,0,0,0,0,0,0,0,0,0,0,0,0,0,0,0,0,0,0,681,El Paso First Health Plans,El Paso County Hospital District.,,1145 Westmoreland Drive,El Paso,TX,79925,www.epfirst.com,Not-for-profit.,Government.,(915) 532-3778,,(915) 532-2877,Navitus Health Solutions,Navitus Health Solutions,Texas.,"El Paso Premier Plan, Preferred Administrators.",NO,NO,0,0,0,0,0,0,0,0,0,0,0,0,0,0,0,0,0,0,0,0,0,0,0,0,0,0,0,0,0,0,0,0,0,0,0,0,0,0,0,0,0,0,0,"84,410",0,0,0,0,0,0,0,0,689,Univera Community Health,Univera Community Health.,61,P.O. Box 23000,Rochester,NY,14692,www.univeracommunityhealth.org,Not-for-profit.,Private.,(800) 683-3781,,,FLRx,,New York.,,NO,NO,0,0,0,0,0,0,0,0,0,0,0,0,0,0,0,0,0,0,0,0,0,0,0,0,0,0,0,0,0,0,0,0,0,0,"48,662",0,0,0,0,0,0,0,0,0,0,0,0,0,0,0,0,0,142,Inland Empire Health Plan,,,P.O. Box 1800,Rancho Cucamonga,CA,91729-1800,www.iehp.org,Not-for-profit.,,(909) 890-2000,,(909) 890-2003,Argus Health Systems,,California.,,NO,NO,0,0,0,0,"646,052",0,0,0,0,0,0,0,0,0,0,0,0,0,0,0,0,0,0,0,0,0,0,0,0,0,0,0,0,0,0,0,0,0,0,0,0,0,0,0,0,0,0,0,0,0,0,0,144,Community Health Group,,,740 Bay Boulevard,Chula Vista,CA,92021,www.chgsd.com,Not-for-profit.,Private.,(619) 422-0422,(800) 840-0089,(619) 422-5930,MedImpact Healthcare Systems,,California.,CommuniCare Advantage.,NO,NO,0,0,0,0,"155,736",0,0,0,0,0,0,0,0,0,0,0,0,0,0,0,0,0,0,0,0,0,0,0,0,0,0,0,0,0,0,0,0,0,0,0,0,0,0,0,0,0,0,0,0,0,0,0,738,Texas Children's Health Plan,Texas Children's Hospital.,,"P.O. Box 301011, NB 8360",Houston,TX,77230-1011,www.texaschildrenshealthplan.org,Not-for-profit.,Private.,(800) 990-8247,,,,,Texas.,,YES,NO,0,0,0,0,0,0,0,0,0,0,0,0,0,0,0,0,0,0,0,0,0,0,0,0,0,0,0,0,0,0,0,0,0,0,0,0,0,0,0,0,0,0,0,"354,073",0,0,0,0,0,0,0,0,741,Cook Children's Health Plan (CCHP),Cook Children's Health Care System.,,P.O. Box 2488,Fort Worth,TX,76113,www.cookchp.org,Not-for-profit.,Private.,(682) 885-2247,(800) 964-2247,(682) 885-4144,,,Texas.,,YES,NO,0,0,0,0,0,0,0,0,0,0,0,0,0,0,0,0,0,0,0,0,0,0,0,0,0,0,0,0,0,0,0,0,0,0,0,0,0,0,0,0,0,0,0,"111,528",0,0,0,0,0,0,0,0,34,MVP Health Care,"MVP Health Care, Inc.",,625 State Street,Schenectady,NY,12305,www.DiscoverMVP.com,Not-for-profit.,Private.,(518) 370-4793,(888) 687-6277,(518) 370-0852,Express Scripts,Express Scripts (Curascript),"New Hampshire, New York, Vermont, plus Medicare Advantage plans in other states.","Formerly MVP Health Plan; Hudson Health Plan, Rochester Area HMO/Preferred Care, Mohawk Valley Physicians Health Plan, Preferred Gold.",NO,NO,160,3,37,248,801,"1,617","1,692",6,69,"1,801","1,773",7,85,24,485,151,42,77,52,"2,272",277,180,261,455,18,143,20,602,1,30,"6,743","1,448",23,103,"543,991","1,248",123,771,"1,999",98,440,16,225,946,105,299,"38,626",122,126,13,14,7,1039,"Health Plan of the Upper Ohio Valley, Inc.",The Health Plan of the Upper Ohio Valley.,,52160 National Road East,St. Clairsville,OH,43950,www.healthplan.org,Not-for-profit,Private.,(740) 695-3585,(800) 624-6961,(740) 695-5297,Express Scripts (Medco),"Express Scripts/Medco), Specialty Scripts Pharmacy",Ohio and West Virginia.,"THP Insurance Company; Hometown Health Plan; The Health Plan; Health Plan SecureChoice, Mountain Health Trust.",NO,NO,0,0,0,0,0,0,0,0,0,0,0,0,0,0,0,0,0,0,0,0,0,0,0,0,0,0,0,0,0,0,0,0,0,0,0,"35,998",0,0,0,0,0,0,0,0,0,0,0,0,0,"72,168",0,0,302,Neighborhood Health Plan,,,253 Summer Street,Boston,MA,02210,www.nhp.org,Not-for-profit.,Private.,(617) 772-5500,(800) 433-5556,(617) 772-5513,MedMetrics,,Massachusetts.,,YES,NO,0,0,0,0,0,0,0,0,0,0,0,0,0,0,0,0,0,0,0,"266,767",0,0,0,0,0,0,0,0,0,0,0,0,0,0,0,0,0,0,0,0,0,0,0,0,0,0,0,0,0,0,0,0,305,"Healthy Palm Beaches, Inc.",Health Care District of Palm Beach County.,,"2601 10th Avenue N, Suite 100",Palm Springs,FL,33461-3133,www.healthypalmbeaches.org,Not-for-profit.,Government.,(866) 930-0035,,,,,Florida.,,YES,NO,0,0,0,0,0,0,0,0,0,"14,103",0,0,0,0,0,0,0,0,0,0,0,0,0,0,0,0,0,0,0,0,0,0,0,0,0,0,0,0,0,0,0,0,0,0,0,0,0,0,0,0,0,0,260,"Elderplan, Inc.",Metropolitan Jewish Health System.,,6323 Seventh Avenue,Brooklyn,NY,11220,www.elderplan.org,Not-for-profit.,Private.,(718) 921-7979,(800) 353-3765,(718) 921-7962,Envision Pharmaceutical Services,,New York.,HomeFirst (Medicaid).,YES,NO,0,0,0,0,0,0,0,0,0,0,0,0,0,0,0,0,0,0,0,0,0,0,0,0,0,0,0,0,0,0,0,0,0,0,"24,808",0,0,0,0,0,0,0,0,0,0,0,0,0,0,0,0,0,22,Maricopa Health Plan,Maricopa Integrated Health System.,101,"2502 East University Drive, Suite 125",Phoenix,AZ,85034,www.mhpaz.com,Not-for-profit.,Private.,(800) 582-8686,,(866) 210-0512,Express Scripts,,Arizona.,Maricopa Advantage.,YES,NO,0,0,0,"45,889",0,0,0,0,0,0,0,0,0,0,0,0,0,0,0,0,0,0,0,0,0,0,0,0,0,0,0,0,0,0,0,0,0,0,0,0,0,0,0,0,0,0,0,0,0,0,0,0,23,Mercy Care Plan,"Southwest Catholic Health Network. Administered by Schaller Anderson, LLC, an Aetna Company.",9,"4350 East Cotton Center Boulevard, Building D",Phoenix,AZ,85040,www.mercycareplan.com,Not-for-profit.,Private.,(602) 263-3000,(800) 624-3879,,,,Arizona.,,YES,NO,0,0,0,"342,716",0,0,0,0,0,0,0,0,0,0,0,0,0,0,0,0,0,0,0,0,0,0,0,0,0,0,0,0,0,0,0,0,0,0,0,0,0,0,0,0,0,0,0,0,0,0,0,0,277,BlueCross BlueShield of Western New York and BlueShield of Northeastern New York,"HealthNow New York, Inc.",,257 West Genesee Street,Buffalo,NY,14202,www.bcbswny.com; www.bsneny.com,Not-for-profit.,Private.,(716) 887-6900,,,Express Scripts,"Walgreens Specialty Pharmacy (Option Care), Express Scripts (Curascript and Medco/Accredo Health Group)","New York, plus Medicare Advantage plans in other states.",,NO,YES,"1,779",134,466,847,"3,941",465,"2,152",37,95,"6,931","2,006",14,278,"1,875","2,273","1,194",404,876,826,"1,686",211,"2,623",414,733,"1,071",742,33,"3,560",109,85,271,"1,906",148,324,"537,011","3,387",348,412,"11,678",80,"2,005",43,869,"3,817","1,879","3,365",457,"1,079","1,456",533,57,11,223281,Blue Cross and Blue Shield of Minnesota,Aware Integrated Incorporated.,,P.O. Box 64560,St. Paul,MN,55164,www.bluecrossmn.com,Not-for-profit.,Private.,(651) 662-8000,(800) 382-2000,(651) 662-1502,Prime Therapeutics,,"Minnesota, plus Medicare Advantage in other states.","Blue Plus, First Plan of Minnesota, HMO Minnesota, MII Life.",NO,YES,0,0,0,114,0,0,0,0,0,28,0,0,0,0,0,0,0,0,0,0,0,0,0,"2,425,936",0,0,0,0,0,0,0,0,0,0,0,0,0,0,0,0,0,0,0,22,0,0,0,0,0,0,0,0,207,Metropolitan Health Plan (MHP),Hennepin County.,,"400 South Fourth Street, Suite 201",Minneapolis,MN,55415,www.hennepin.us/mhp,Not-for-profit.,Government.,(800) 647-0550,,,CVS/Caremark Rx,,Minnesota.,Hennepin Health.,NO,NO,0,0,0,0,0,0,0,0,0,0,0,0,0,0,0,0,0,0,0,0,0,0,0,"10,274",0,0,0,0,0,0,0,0,0,0,0,0,0,0,0,0,0,0,0,0,0,0,0,0,0,0,0,0,208,UCare,,,P.O. Box 52,Minneapolis,MN,55440-0052,www.ucare.org,Not-for-profit.,Private.,(612) 676-6500,(888) 531-1493,(612) 676-6501,Express Scripts,Express Scripts (Accredo),"Minnesota, Wisconsin.","UCare Health, Ucare Minnesota, UCare for Seniors, MinnesotaCare.",NO,NO,0,0,0,0,0,0,0,0,0,0,0,0,0,0,0,0,0,0,0,0,0,0,0,"306,673",0,0,0,0,0,0,0,0,0,0,0,0,0,0,0,0,0,0,0,0,0,0,0,0,"7,068",0,0,0,0210,Affinity Health Plan,Affinity Health System.,88,2500 Halsey Street,Bronx,NY,10461,www.affinityplan.org,Not-for-profit.,Private.,(718) 794-7700,(866) 206-1775,(718) 794-7800,CVS/Caremark Rx,CVS/Caremark Rx,New York.,"fka The Bronx Health Plan (TBHP), GENESIS Health Plan.",YES,NO,0,0,0,0,0,0,0,0,0,0,0,0,0,0,0,0,0,0,0,0,0,0,0,0,0,0,0,0,0,0,0,0,0,0,"254,761",0,0,0,0,0,0,0,0,0,0,0,0,0,0,0,0,0,666,Maryland Physicians Care (MPC),"Maryland General Health Systems, St. Agnes HealthCare, Washington County Health System, and Western Maryland Health System.",,"509 Progress Avenue, Suite 117",Linthicum,MD,21090-2256,www.marylandphysicianscare.com,Not-for-profit.,Private.,(800) 953-8854,,(410) 277-9722,,CVS/Caremark Rx,Maryland.,"Maryland Care, Inc.",YES,NO,0,0,0,0,0,0,0,0,0,0,0,0,0,0,0,0,0,0,0,0,0,0,"164,000",0,0,0,0,0,0,0,0,0,0,0,0,0,0,0,0,0,0,0,0,0,0,0,0,0,0,0,0,0,667,Priority Partners,"Owned by Johns Hopkins Healthcare, LLC, Johns Hopkins Medicine, Maryland Community Health System and eight federally qualified community health centers.",,6704 Curtis Court,Glen Burnie,MD,21060-9949,www.ppmco.org,Not-for-profit.,Private.,(410) 424-4400,(800) 654-9728,(410) 424-4883,CVS/Caremark Rx,,Maryland.,"Employer Health Programs, EHP Basic, EHP Premium.",YES,NO,0,0,0,0,0,0,0,0,0,0,0,0,0,0,0,0,0,0,0,0,0,0,"210,101",0,0,0,0,0,0,0,0,0,0,0,0,0,0,0,0,0,0,0,0,0,0,0,0,0,0,0,0,0,668,MedStar Family Choice (Maryland),MedStar Health.,,"8094 Sandpiper Circle, Suite O",Baltimore,MD,21236,www.medstarfamilychoice.com,For-profit,Private.,(410) 933-2200,(800) 261-3371,(410) 933-3019,CVS/Caremark Rx,,Maryland.,"fka Helix Family Choice, Inc.",YES,NO,0,0,0,0,0,0,0,0,0,0,0,0,0,0,0,0,0,0,0,0,0,0,"38,197",0,0,0,0,0,0,0,0,0,0,0,0,0,0,0,0,0,0,0,0,0,0,0,0,0,0,0,0,0,669,"JAI Medical Systems, Inc.",,,5010 York Road,Baltimore,MD,21212,www.jaimedical.com,For-profit.,Private.,(410) 433-2200,(888) 524-1999,(410) 532-7246,BioScrip,,Maryland.,,YES,NO,0,0,0,0,0,0,0,0,0,0,0,0,0,0,0,0,0,0,0,0,0,0,"14,383",0,0,0,0,0,0,0,0,0,0,0,0,0,0,0,0,0,0,0,0,0,0,0,0,0,0,0,0,0,673,Marion Polk Community Health Plan,WVP Health Authority,,"2995 Ryan Drive SE, Suite 200",Salem,OR,97301,www.wvphealthauthority.org/medicaid,Not-for-profit.,Private.,(503) 371-7701,(800) 735-2900,(503) 371-8046,CVS/Caremark Rx,CVS/Caremark Rx,Oregon.,"ATRIO, Willamette Valley Community Health Plan.",YES,NO,0,0,0,0,0,0,0,0,0,0,0,0,0,0,0,0,0,0,0,0,0,0,0,0,0,0,0,0,0,0,0,0,0,0,0,0,0,"65,316",0,0,0,0,0,0,0,0,0,0,0,0,0,0,675,"Western Oregon Advanced Health, LLC",,,P.O. Box 1096,Coos Bay,OR,97420,www.docshp.com,Not-for-profit.,Private.,(541) 269-7400,(800) 264-0014,(541) 269-7147,,,Oregon.,"Doctors of the Oregon Coast South, Southwest Oregon IPA.",YES,NO,0,0,0,0,0,0,0,0,0,0,0,0,0,0,0,0,0,0,0,0,0,0,0,0,0,0,0,0,0,0,0,0,0,0,0,0,0,"11,878",0,0,0,0,0,0,0,0,0,0,0,0,0,0,676,"Cascade Health Alliance, LLC","Cascade Comprehensive Care, Inc.",,"2909 Daggett Avenue, Suite 225",Klamath Falls,OR,97601,www.cascadehealthalliance.com,For-profit.,Private.,(541) 883-2947,,(541) 885-9858,MedImpact Healthcare Systems,,Oregon.,,YES,NO,0,0,0,0,0,0,0,0,0,0,0,0,0,0,0,0,0,0,0,0,0,0,0,0,0,0,0,0,0,0,0,0,0,0,0,0,0,"10,638",0,0,0,0,0,0,0,0,0,0,0,0,0,0,679,FirstCare Health Plans,Covenant Health System and Hendrick Medical Center.,,12940 North Highway 183,Austin,TX,78750,www.firstcare.com,For-profit.,Private.,(512) 257-6000,(800) 884-4901,(877) 878-8422,"Express Scripts, Inc.","Express Scripts, Inc.",Texas.,"SHA, LLC; Southwest Life & Health FirstCare PPO.",YES,NO,0,0,0,0,0,0,0,0,0,0,0,0,0,0,0,0,0,0,0,0,0,0,0,0,0,0,0,0,0,0,0,0,0,0,0,0,0,0,0,0,0,0,0,"167,546",0,0,0,0,0,0,0,0,433,Dean Health Plan,Dean Health System.,,1277 Deming Way,Madison,WI,53717,www.deancare.com,For-profit.,Private.,(800) 356-7344,(608) 827-4420,(608) 827-4212,Navitus Health Solutions,Specialty Scripts,Wisconsin.,"Dean Health Insurance, Inc.",YES,NO,0,0,0,0,0,0,0,0,0,0,0,0,0,0,0,0,0,0,0,0,0,0,0,0,0,0,0,0,0,0,0,0,0,0,0,0,0,0,0,0,0,0,0,0,0,0,0,0,"264,419",0,0,0,434,"Health Tradition Health Plan, Inc.",Mayo Holding Company.,,1808 East Main Street,Onalaska,WI,54650,www.healthtradition.com,For-profit.,Private.,(608) 781-9692,(877) 832-1823,(608) 781-9653,,,Wisconsin.,Formerly Greater LaCrosse Health Plans.,NO,NO,0,0,0,0,0,0,0,0,0,0,0,0,0,0,0,0,0,0,0,0,0,0,0,0,0,0,0,0,0,0,0,0,0,0,0,0,0,0,0,0,0,0,0,0,0,0,0,0,"36,184",0,0,0,435,Group Health Cooperative of Eau Claire,,,2503 North Hillcrest Parkway,Altoona,WI,54720,www.group-health.com,Not-for-profit.,Private.,(715) 552-4300,(888) 203-7770,(715) 836-7683,PharmaStar,,Wisconsin.,,NO,NO,0,0,0,0,0,0,0,0,0,0,0,0,0,0,0,0,0,0,0,0,0,0,0,0,0,0,0,0,0,0,0,0,0,0,0,0,0,0,0,0,0,0,0,0,0,0,0,0,"40,803",0,0,0,436,Group Health Cooperative of South Central Wisconsin,,,"1265 John Q. Hammons Drive, Suite 200",Madison,WI,53717,www.ghcscw.com,Not-for-profit.,Private.,(608) 828-4853,(800) 605-4327,(608) 257-3842,Navitus Health Solutions,,Wisconsin.,GHC-SCW.,YES,NO,0,0,0,0,0,0,0,0,0,0,0,0,0,0,0,0,0,0,0,0,0,0,0,0,0,0,0,0,0,0,0,0,0,0,0,0,0,0,0,0,0,0,0,0,0,0,0,0,"72,542",0,0,0,437,Gundersen Health Plan,Gundersen Health System,,1836 South Avenue,La Crosse,WI,54601,www.gundersenhealthplan.org,Not-for-profit.,Private.,(608) 775-8000,(800) 370-9718,(608) 775-8091,ClearScripts/Argus,,"Iowa, Minnesota, Wisconsin.","fka Gundersen Lutheran Health Plan, Inc.",YES,NO,0,0,0,0,0,0,0,0,0,0,0,0,192,0,0,0,0,0,0,0,0,0,0,364,0,0,0,0,0,0,0,0,0,0,0,0,0,0,0,0,0,0,0,0,0,0,0,0,"89,209",0,0,0,438,MercyCare Health Plans,Mercy Health System Corporation.,,3430 Palmer Drive,Janesville,WI,53547,www.mercycarehealthplans.com,For-profit.,Private.,(608) 752-3431,(800) 752-3431,(608) 752-3751,"CVS/Caremark Rx, Mercy Health System Pharmacies",,Wisconsin.,"MercyCare HMO, Inc.; MercyCare Insurance Company, Inc.",YES,NO,0,0,0,0,0,0,0,0,0,0,0,0,0,0,0,0,0,0,0,0,0,0,0,0,0,0,0,0,0,0,0,0,0,0,0,0,0,0,0,0,0,0,0,0,0,0,0,0,"36,237",0,0,0,439,Network Health,"Ministry Health Care, Inc.",88,1570 Midway Place,Menasha,WI,54952,www.networkhealth.com,For-profit.,Private.,(920) 720-1300,(800) 826-0940,(920) 720-1900,"Express Scripts, CVS/Caremark Rx",,Wisconsin.,Network Health Insurance Corp.,YES,NO,0,0,0,0,0,0,0,0,0,0,0,0,0,0,0,0,0,0,0,0,0,0,0,0,0,0,0,0,0,0,0,0,0,0,0,0,0,0,0,0,0,0,0,0,0,0,0,0,"166,808",0,0,0,450,BlueCross BlueShield of Tennessee,"BlueCross BlueShield of Tennessee, Inc.",,1 Cameron Hill Circle,Chattanooga,TN,37402,www.bcbst.com,Not-for-profit.,Private.,(423) 535-5600,(800) 565-9140,(423) 535-6355,Express Scripts,Express Scripts,Tennessee and Nationwide.,"Volunteer State Health Plan, TennCare, BlueCare, SharedHealth, BlueAdvantage, BlueElite, OnLife, BlueCard, BlueAccess, BluePerks.",NO,YES,"34,529","1,514","14,128","12,314","20,121","8,926","2,072",582,790,"28,293","41,470",69,"3,783","2,943","20,816","15,256","3,986","31,721","11,455","3,705","4,101","11,215","4,994","2,460","37,681","14,350","1,123","22,713",245,"2,249","1,306","3,750","8,239","2,450","6,635","22,813","8,420","4,313","10,582",913,"16,505","1,140","2,583,822","51,243","3,648",191,"23,371","7,123","3,984","8,737","2,040",20,421264,"WellPoint, Inc.","WellPoint, Inc.",3,120 Monument Circle,Indianapolis,IN,46204,www.wellpoint.com,For-profit.,Public.,(317) 488-6000,,,Express Scripts,,"Nationwide. Blue Cross or Blue Shield licensee in the following states: California, Colorado, Connecticut, Georgia, Indiana, Kentucky, Maine, Missouri, Nevada, New Hampshire, New York, Ohio, Virginia, and Wisconsin.","The following subsidiaries and brands are included in this record: AMERIGROUP, Americaid, Anthem subsidiaries in California, Colorado, Connecticut, Florida, Indiana, Kentucky, Maine, Nevada, New Hampshire, Ohio, Virginia and Wisconsin; Atrium Health Care, Blue Cross Blue Shield of Georgia, Blue Cross of California, CareMore Health Group, Community Insurance Company, CompCare, Empire Blue Cross Blue Shield, INTotal Health, Healthkeepers, HealthLink HMO, Healthplus, Healthy Alliance, HMO Colorado, HMO Missouri, Matthew Thornton Health Plan, Peninsula Health Care, Priority Health Care, RightChoice Managed Care, Rocky Mountain Hospital & Medical Service, UNICARE.",NO,YES,11,0,0,"17,127","2,811,870","481,119","533,583",0,15,"237,507","1,293,806",15,0,25,"269,347","1,994,680","119,982","598,392","128,368",26,"230,295",0,"224,864",0,0,"612,914",0,33,0,"1,225","215,782","150,924","24,033","104,404","2,104,118","1,665,611",16,130,491,0,49,0,"201,740","832,098",25,"2,098,791",0,"34,364","414,719","86,345",0,0,1806,MedStar Family Choice (D.C.),MedStar Health.,,"901 D Street, SW, Suite 1050",Washington,DC,20024,www.medstarfamilychoice.com,For-profit,Private.,(855) 210-6203,(800) 261-3371,(202) 243-5495,,,District of Columbia.,"fka Helix Family Choice, Inc.",YES,NO,0,0,0,0,0,0,0,"33,819",0,0,0,0,0,0,0,0,0,0,0,0,0,0,0,0,0,0,0,0,0,0,0,0,0,0,0,0,0,0,0,0,0,0,0,0,0,0,0,0,0,0,0,0,1815,Precedence CCE,UnityPoint Health,,4600 3rd Street,Moline,IL,61265,www.unitypoint.org/quadcities/precedence-cce.aspx,Not-for-profit,Private.,(309) 779-3066,(855) 342-0996,,,,Illinois.,,YES,NO,0,0,0,0,0,0,0,0,0,0,0,0,0,0,70,0,0,0,0,0,0,0,0,0,0,0,0,0,0,0,0,0,0,0,0,0,0,0,0,0,0,0,0,0,0,0,0,0,0,0,0,0,471,"Health New England, Inc.",Baystate Health.,,"One Monarch Place, Suite 1500",Springfield,MA,01144,www.hne.com,Not-for-profit,Private.,(413) 787-4000,(800) 310-2835,(413) 734-3356,Catamaran Corporation (Commercial/Medicaid); PTI/National Pharmaceutical Services and Welldyne Rx (Medicare Advantage),BriovaRx,Massachusetts.,"HNE Advisory Services, Inc.; HNE of Connecticut, Inc.; HNE Insurance Company, Inc.; HNE Insurance Services Corporation.",YES,NO,0,0,0,0,0,0,0,0,0,0,0,0,0,0,0,0,0,0,0,"137,555",0,0,0,0,0,0,0,0,0,0,0,0,0,0,0,0,0,0,0,0,0,0,0,0,0,0,0,0,0,0,0,0,472,"ADVANTAGE Health Solutions, Inc.","Ancilla Systems, St. Vincent Health, St. Joseph Regional Medical Center, Sisters of St. Francis of Perpetual Adoration.",,"9045 River Road, Suite 200",Indianapolis,IN,46240,www.advantageplan.com,For-profit.,Private.,(317) 573-2700,(877) 901-2237,(317) 580-8009,Envision Pharmaceutical Services,Orchard Pharmaceutical Services,Indiana.,,YES,NO,0,0,0,0,0,0,0,0,0,0,0,0,0,0,0,"298,992",0,0,0,0,0,0,0,0,0,0,0,0,0,0,0,0,0,0,0,0,0,0,0,0,0,0,0,0,0,0,0,0,0,0,0,0,526,"Neighborhood Health Plan of Rhode Island, Inc.",,,299 Promenade Street,Providence,RI,02908,www.nhpri.org,Not-for-profit.,Private.,(401) 459-6000,(800) 963-1001,(401) 459-6175,,,Rhode Island.,,YES,NO,0,0,0,0,0,0,0,0,0,0,0,0,0,0,0,0,0,0,0,0,0,0,0,0,0,0,0,0,0,0,0,0,0,0,0,0,0,0,0,"85,172",0,0,0,0,0,0,0,0,0,0,0,0,527,"University Health Care Inc., dba Passport Health Plan",,25,5100 Commerce Crossings Drive,Louisville,KY,40229,www.passporthealthplan.com,Not-for-profit.,Private.,(502) 585-7900,(800) 578-0603,(502) 585-7983,PerformRx,,Kentucky.,,YES,NO,0,0,0,0,0,0,0,0,0,0,0,0,0,0,0,0,0,"128,000",0,0,0,0,0,0,0,0,0,0,0,0,0,0,0,0,0,0,0,0,0,0,0,0,0,0,0,0,0,0,0,0,0,0,531,Optima Health,Sentara Health Care.,,4417 Corporation Lane,Virginia Beach,VA,23462,www.optimahealth.com,Not-for-profit.,Private.,(757) 552-7300,(877) 552-7401,(757) 687-6031,Catamaran Corporation,BriovaRx,Virginia and Nationwide.,"Sentara Health Plans, Optima Health Plan, Optima Health Insurance Company. PACE Program is known as Sentara Senior Community Care/Sentara Life Care Corporation.",YES,NO,21,0,25,24,176,14,25,19,8,404,129,7,7,4,34,30,24,15,38,28,10,52,387,15,15,21,3,"5,512",0,0,13,48,2,11,106,52,10,17,179,2,156,11,65,160,23,"429,939",4,19,12,"3,581",6,5,8213,"UPMC Health Plan, Inc.",UPMC.,92,"U.S. Steel Tower, 600 Grant Street",Pittsburgh,PA,15219,www.upmchealthplan.com,Not-for-profit.,Private.,(412) 454-7500,(888) 876-2756,(412) 454-7711,Express Scripts,Express Scripts,Pennsylvania and Nationwide.,"University of Pittsburgh Medical Center; UPMC for You, Inc.; UPMC Health Benefits Inc.; UPMC Health Network, UPMC Workpartners, LifeSolutions.",YES,NO,59,6,12,52,336,114,32,41,31,537,116,5,21,12,193,124,18,118,48,134,28,244,491,56,20,51,5,393,15,4,34,181,6,46,874,"5,582",6,34,"829,739",6,140,2,75,248,23,244,15,79,105,"3,895",5,1,251692,Christus Health Plan,Christus Health,,P.O. Box 569350,Dallas,TX,75356-9350,www.christushealthplan.org,Not-for-profit,Private.,(877) 428-3057,(800) 359-5613,,,,Texas.,,YES,NO,0,0,0,0,0,0,0,0,0,0,0,0,0,0,0,0,0,0,0,0,0,0,0,0,0,0,0,0,0,0,0,0,0,0,0,0,0,0,0,0,0,0,0,"8,725",0,0,0,0,0,0,0,0,969,"Care Wisconsin Health Plan, Inc.","Care Wisconsin First, Inc.",,"2802 International Lane, P.O. Box 14017",Madison,WI,53708-0017,www.carewisc.org,Not-for-profit.,Private.,(608) 240-0020,(800) 963-0035,(608) 245-3077,PharmaStar,,Wisconsin.,Care Wisconsin Inc. and Care Wisconsin CMO.,NO,NO,0,0,0,0,0,0,0,0,0,0,0,0,0,0,0,0,0,0,0,0,0,0,0,0,0,0,0,0,0,0,0,0,0,0,0,0,0,0,0,0,0,0,0,0,0,0,0,0,"1,425",0,0,0,1007,AmeriHealth Caritas Family of Companies,Independence Blue Cross and Mercy Health System.,25,200 Stevens Drive,Philadelphia,PA,19113,www.amerihealthcaritas.com,Not-for-profit.,Private.,(215) 937-8000,,(215) 937-8776,PerformRx,,"District of Columbia, Indiana, Kentucky, Louisiana, Nebraska, Pennsylvania, South Carolina.","AmeriHealth Mercy Health Plan, Arbor Health Plan, CBHNP/PerformCare, Keystone Mercy Health Plan, LaCare, MDwise Hoosier Alliance, Select Health of South Carolina, PerformRx.",YES,NO,0,0,0,0,0,0,0,"100,021",0,0,0,0,0,0,0,"287,030",0,0,"157,935",0,0,0,0,0,0,0,0,0,0,"17,051",0,0,0,0,0,0,0,0,"1,021,329",0,"236,611",0,0,0,0,0,0,0,0,0,0,0,01817,Well Sense Health Plan,"Boston Medical Center Health Plan, Inc. (BMCHP).",112,"1155 Elm Street, Suite 600",Manchester,NH,03101,www.wellsense.org,Not-for-profit,Private.,(877) 957-1300,,,,,New Hampshire.,,YES,NO,0,0,0,0,0,0,0,0,0,0,0,0,0,0,0,0,0,0,0,0,0,0,0,0,0,0,0,0,0,0,"43,456",0,0,0,0,0,0,0,0,0,0,0,0,0,0,0,0,0,0,0,0,0,0460,Geisinger Health Plan,Geisinger Health System.,,100 North Academy Avenue,Danville,PA,17822-3260,www.thehealthplan.com,Not-for-profit.,Private.,(570) 214-5265,(800) 447-4000,(570) 214-5285,"Pharmacy benefit managed internally. MedImpact Healthcare Systems (Claims Processing), Express Scripts (Medco) (Mail-order)",Internal,"Maine, New Jersey, Pennsylvania, West Virginia.","Geisinger Quality Options, Geisinger Health Plan (HMO), Geisinger Choice (PPO), Geisinger Health Options (self-funded).",YES,NO,7,1,2,25,75,17,30,6,36,155,56,0,4,2,29,134,2,21,2,53,"11,823",40,334,5,4,4,1,61,0,4,15,"1,188",2,22,352,107,3,3,"406,061",10,28,0,8,56,6,84,11,10,1,"8,375",1,1,1151,Children's Community Health Plan,Children's Hospital of Wisconsin.,,P.O. Box 1997,Milwaukee,WI,53201,www.childrenschp.com,Not-for-profit.,Private.,(800) 482-8010,,,,,Wisconsin.,,YES,NO,0,0,0,0,0,0,0,0,0,0,0,0,0,0,0,0,0,0,0,0,0,0,0,0,0,0,0,0,0,0,0,0,0,0,0,0,0,0,0,0,0,0,0,0,0,0,0,0,"145,000",0,0,0,1224,Cigna Corporation,Cigna Corporation.,,900 Cottage Grove Road,Bloomfield,CT,06152,www.cigna.com,For-profit.,Public.,(860) 226-6000,(800) 244-6224,,Cigna Pharmacy Management,Cigna Pharmacy Management,Nationwide.,"Alta Health and Life Insurance Company, Bravo Health, Cigna Behavioral Health, Cigna European Services (UK) Ltd, Cigna Health Corporation, Cigna Health Management, Cigna Healthcare of Arizona, Cigna Healthcare of California, Cigna Healthcare of Florida, Cigna Holdings, Connecticut General Life Insurance Company, Great-West Healthcare, Healthsource, HealthSpring, HealthSpring Management, Life Insurance Company of North America, Magnolia Cigna Corp.",NO,NO,"101,310","18,502","66,044","398,355","1,024,233","464,016","364,506","27,594","36,366","1,119,999","596,442","3,165","46,475","38,066","502,729","401,247","100,186","76,866","145,617","259,851","81,169","119,767","354,416","120,350","99,748","256,511","127,035","405,057","8,864","28,950","141,614","461,780","33,654","142,075","670,550","300,888","86,971","110,091","348,981","27,194","177,824","9,312","810,331","1,269,580","112,909","422,488","71,149","215,410","76,799","44,846","74,545",741,"70,430"1236,Trillium Community Health Plan,"Agate Resources, Inc.",,P.O. Box 11756,Eugene,OR,97440-3956,www.trilliumchp.com,For-profit,Private.,(541) 431-1950,(800) 910-3906,(541) 984-5685,,,Oregon.,"Trillium Advantage, Sprout Healthy KidsConnect, Lane Individual Practice Association.",NO,NO,0,0,0,0,0,0,0,0,0,0,0,0,0,0,0,0,0,0,0,0,0,0,0,0,0,0,0,0,0,0,0,0,0,0,0,0,0,"54,164",0,0,0,0,0,0,0,0,0,0,0,0,0,0,1237,VNSNY CHOICE,Affiliate of the Visiting Nurse Service of New York.,,"1250 Broadway, 11th Floor",New York,NY,10001,www.vnsnychoice.org,Not-for-profit.,Private.,(888) 867-6555,,,CVS/Caremark Rx,,New York.,"fka VNS CHOICE Select, VNSNY CHOICE Medicare.",YES,NO,0,0,0,0,0,0,0,0,0,0,0,0,0,0,0,0,0,0,0,0,0,0,0,0,0,0,0,0,0,0,0,0,0,0,"36,527",0,0,0,0,0,0,0,0,0,0,0,0,0,0,0,0,0,1519,Health Services for Children with Special Needs (HSCSN),HSC Foundation.,,"1101 Vermont Avenue, NW, Suite 1200",Washington,DC,20005,www.hscsn-net.org,Not-for-profit,Private.,(202) 467-2737,(866) 937-4549,(202) 466-8514,CVS/Caremark Rx,,District of Columbia.,,YES,NO,0,0,0,0,0,0,0,"5,645",0,0,0,0,0,0,0,0,0,0,0,0,0,0,0,0,0,0,0,0,0,0,0,0,0,0,0,0,0,0,0,0,0,0,0,0,0,0,0,0,0,0,0,0,1528,HHH Choices Health Plan,Hebrew Hospital Home.,,55 Grasslands Road,Valhalla,NY,10595,www.hhhchoiceshealthplan.org,Not-for-profit.,Private.,(866) 663-9877,,(914) 989-7868,Envision Rx,,New York.,Hebrew Hospital Home; HHH Choices MLTC.,YES,NO,0,0,0,0,0,0,0,0,0,0,0,0,0,0,0,0,0,0,0,0,0,0,0,0,0,0,0,0,0,0,0,0,0,0,"2,357",0,0,0,0,0,0,0,0,0,0,0,0,0,0,0,0,0,1100,"America's 1st Choice Holdings, Inc.","America's 1st Choice Holdings, Inc.",100,5403 North Church Avenue,Tampa,FL,33614,www.freedomhealth.com AND www.youroptimumhealthcare.com,For-profit.,Private.,(866) 245-5360,(800) 401-2740,(813) 506-6150,,,Florida.,"Freedom Health, Inc.; Optimum HealthCare, Inc.; Freedom First.",YES,NO,0,0,0,0,0,0,0,0,0,"125,633",0,0,0,0,0,0,0,0,0,0,0,0,0,0,0,0,0,0,0,0,0,0,0,0,0,0,0,0,0,0,0,0,0,0,0,0,0,0,0,0,0,0,1407,Prestige Health Choice,Owned in part by Community Health Centers.,,"6313 Corporate Court, Suite 110",Ft. Myers,FL,33919,www.prestigehealthchoice.com,For-profit,Private.,(305) 718-1100,(888) 611-0786,(239) 275-3604,,,Florida.,,YES,NO,0,0,0,0,0,0,0,0,0,"102,415",0,0,0,0,0,0,0,0,0,0,0,0,0,0,0,0,0,0,0,0,0,0,0,0,0,0,0,0,0,0,0,0,0,0,0,0,0,0,0,0,0,0,1417,Lower Elwha Health Clinic,,,23111 Highway 101 West,Port Angeles,WA,98362,http://elwha.org/medicalanddentalclinic.html,Not-for-profit.,,(360) 452-6252,,(360) 452-6274,,,Washington.,,YES,NO,0,0,0,0,0,0,0,0,0,0,0,0,0,0,0,0,0,0,0,0,0,0,0,0,0,0,0,0,0,0,0,0,0,0,0,0,0,0,0,0,0,0,0,0,0,0,0,278,0,0,0,0,1562,Sisters of Providence ElderPlace,Providence Health & Services,,"4515 Martin Luther King Jr. Way South, Suite 100",Seattle,WA,98108,http://washington.providence.org/senior-care/elderplace,Not-for-profit,Private.,(206) 320-5325,,(206) 320-5326,,,Washington.,,YES,NO,0,0,0,0,0,0,0,0,0,0,0,0,0,0,0,0,0,0,0,0,0,0,0,0,0,0,0,0,0,0,0,0,0,0,0,0,0,0,0,0,0,0,0,0,0,0,0,463,0,0,0,0,1563,Colville Federated Tribes/Colville Indian Health Center,,,29 Nespelem/Sanpoil Street,Nespelem,WA,99155,www.colvilletribes.com/indian_health_services,Not-for-profit,Government.,(509) 634-2913,,,,,Washington.,,NO,NO,0,0,0,0,0,0,0,0,0,0,0,0,0,0,0,0,0,0,0,0,0,0,0,0,0,0,0,0,0,0,0,0,0,0,0,0,0,0,0,0,0,0,0,0,0,0,0,998,0,0,0,0,1311,"GuildNet, Inc.",Jewish Guild Healthcare.,,15 West 65th Street,New York,NY,10023,www.guildnetny.org,Not-for-profit.,Private.,(212) 769-6200,(800) 284-4422,,,,New York.,Jewish Guild Healthcare (Formerly Jewish Guild for the Blind).,YES,NO,0,0,0,0,0,0,0,0,0,0,0,0,0,0,0,0,0,0,0,0,0,0,0,0,0,0,0,0,0,0,0,0,0,0,"14,929",0,0,0,0,0,0,0,0,0,0,0,0,0,0,0,0,0,1263,UnitedHealthcare,UnitedHealth Group.,,9700 Health Care Lane,Minnetonka,MN,55343,www.uhc.com,For-profit.,Public.,(888) 545-5205,(800) 307-7820,(952) 936-1949,OptumRx,,Nationwide.,"All Savers Insurance Company, AmeriChoice, Arizona Physicians IPA, Arnett Health Plans, Better Health Plans of South Carolina, Citrus Health Care, Erickson Advantage, Evercare, Fiserv, Great Lakes Health Plan, Health Net of Connecticut, Health Plan of Nevada, John Deere Health Plan, Inc., MAMSI, MD-IPA, Medica Healthcare Plans, Neighborhood Health Partnership, Optimum Choice, Oxford Health Plans, PacifiCare, Physicians Health Choice, Preferred Care Partners, Sierra Health and Life Insurance Company, Sierra Spectrum, Three Rivers Health Plan, Unison Health Plan, UnitedHealthcare Community Plan, XLHealth Corporation/Care Improvement Plus.",NO,NO,"41,946",11,"29,279","493,623","834,329","100,869","79,460","1,349","65,929","802,033","230,724","52,363","28,940","13,758","1,050,275","60,851","122,902","30,164","260,965","33,831","6,670","239,991","326,528",946,"72,724","220,693","2,144","139,622",314,"73,857","6,885","965,651","36,599","437,284","3,063,820","263,080","47,268","40,275","266,408","79,337","84,396",115,"644,432","538,357","50,809","9,796","6,749","148,253","266,384","2,195","1,745",0,361,Blue Cross Blue Shield of Michigan,Blue Cross Blue Shield of Michigan.,,600 East Lafayette Boulevard,Detroit,MI,48226,www.bcbsm.com,Not-for-profit.,Private.,(877) 469-2583,,,Express Scripts (Medco),Option Care,"Michigan, plus Medicare Advantage plans nationwide.","Blue Cross Complete, Blue Care Network of Michigan, BlueCaid of Michigan, M-CARE.",NO,YES,"1,506",0,112,"2,121","1,535",454,36,21,0,"8,864",570,29,12,34,487,"7,626",23,882,11,382,31,"2,177,615",51,259,60,109,23,"1,328",0,0,0,524,150,542,23,"2,000",40,121,588,0,"1,038",28,"2,302",743,33,322,0,221,307,0,0,0,362,HealthPlus of Michigan and HealthPlus Insurance,HealthPlus of Michigan.,,2050 South Linden Road,Flint,MI,48532,www.healthplus.org,Not-for-profit,Private.,(810) 230-2000,(800) 332-9161,(810) 230-2208,"Internal, Catamaran Corporation (pharmacy claims processor)","BioScrip, Diplomat Specialty Pharmacy, Axium Pharmacy",Michigan and Nationwide.,"HealthPlus Partners, Inc.",NO,NO,23,0,77,52,440,31,27,1,0,238,103,1,19,13,78,112,24,8,5,10,74,"231,730",9,21,0,33,1,24,0,0,14,69,4,8,76,300,18,66,44,5,30,1,96,411,20,9,0,19,335,0,0,0,81666,"Florida Healthcare Plus, Inc.",,,"2100 Ponce De Leon Boulevard, Suite PH1",Coral Gables,FL,33134,www.floridahealthcareplus.com,For-profit.,Private.,(305) 888-2210,,,,,Florida.,,YES,NO,0,0,0,0,0,0,0,0,0,"10,097",0,0,0,0,0,0,0,0,0,0,0,0,0,0,0,0,0,0,0,0,0,0,0,0,0,0,0,0,0,0,0,0,0,0,0,0,0,0,0,0,0,0,243,"MetroPlus Health Plan, Inc.",New York City Health and Hospitals Corporation.,,"160 Water Street, Third Floor",New York,NY,10038,www.metroplus.org,Not-for-profit.,Government.,(212) 908-8600,(800) 303-9626,(212) 908-8601,CVS/Caremark Rx,CVS/Caremark Rx,New York.,,YES,NO,0,0,0,0,0,0,0,0,0,0,0,0,0,0,0,0,0,0,0,0,0,0,0,0,0,0,0,0,0,0,0,0,0,0,"418,151",0,0,0,0,0,0,0,0,0,0,0,0,0,0,0,0,0,247,Family Health Network,,,"322 South Green Street, Suite 400",Chicago,IL,60607,www.fhnchicago.com,Not-for-profit.,Private.,(888) 346-4968,,,CVS Caremark,,Illinois.,Managed Care Community Network (MCCN).,YES,NO,0,0,0,0,0,0,0,0,0,0,0,0,0,0,"88,958",0,0,0,0,0,0,0,0,0,0,0,0,0,0,0,0,0,0,0,0,0,0,0,0,0,0,0,0,0,0,0,0,0,0,0,0,0,251,Meridian Health Plan of Michigan,,109,"777 Woodward Avenue, Suite 600",Detroit,MI,48226,www.mhplan.com/mi,For-profit.,Private.,(313) 324-3700,(888) 437-0606,(313) 202-0007,Meridian Rx,Meridian Rx,Michigan.,"fka Health Plan of Michigan, Inc.",NO,NO,0,0,0,0,0,0,0,0,0,0,0,0,0,0,0,0,0,0,0,0,0,"296,254",0,0,0,0,0,0,0,0,0,0,0,0,0,0,0,0,0,0,0,0,0,0,0,0,0,0,0,0,0,0,252,McLaren Health Plan,McLaren Health Care Corporation.,,G-3245 Beecher Road,Flint,MI,48532,www.mclarenhealthplan.org,Not-for-profit.,Private.,(888) 327-0671,,,4D Pharmacy Management Systems,,Michigan.,,YES,NO,0,0,0,0,0,0,0,0,0,0,0,0,0,0,0,0,0,0,0,0,0,"198,562",0,0,0,0,0,0,0,0,0,0,0,0,0,0,0,0,0,0,0,0,0,0,0,0,0,0,0,0,0,0,255,Paramount Insurance Company,ProMedica Health System.,31,1901 Indian Wood Circle,Maumee,OH,43537,www.paramounthealthcare.com,For-profit.,Private.,(419) 887-2500,(419) 887-2525,(419) 887-2017,Express Scripts,,"Ohio, Michigan.","Paramount Advantage; Paramount Care, Inc.",YES,NO,0,0,0,0,0,0,0,0,0,0,0,0,0,0,0,0,0,0,0,0,0,"4,351",0,0,0,0,0,0,0,0,0,0,0,0,0,"234,212",0,0,0,0,0,0,0,0,0,0,0,0,0,0,0,0,257,CareSource,CareSource Management Group.,,230 North Main Street,Dayton,OH,45402,www.caresource.com,Not-for-profit.,Private.,(937) 224-3300,,(937) 224-2272,CVS/Caremark Rx,CVS/Caremark Rx,"Kentucky, Michigan, Ohio.","Dayton Area Health Plan, CareSource Ohio, Humana CareSource, CareSource Humana.",NO,NO,0,0,0,0,0,0,0,0,0,0,0,0,0,0,0,0,0,"15,288",0,0,0,532,0,0,0,0,0,0,0,0,0,0,0,0,0,"971,333",0,0,0,0,0,0,0,0,0,0,0,0,0,0,0,0,0317,Gateway Health Plan,"Highmark, Inc. and Mercy Health Plan.",6,"Four Gateway Center, 444 Liberty Avenue, Suite 2100",Pittsburgh,PA,15222-1222,www.gatewayhealthplan.com,For-profit.,Private.,(412) 255-4640,(888) 428-3929,,Argus Health Systems,,Pennsylvania.,"Gateway Health Medicare Assured, Gateway Health Plan.",NO,NO,0,0,0,0,0,0,0,0,0,0,0,0,0,0,0,0,0,0,0,0,0,0,0,0,0,0,0,0,0,0,0,0,0,0,0,0,0,0,"301,103",0,0,0,0,0,0,0,0,0,0,0,0,0,318,Healthfirst,Provider owned.,,100 Church Street,New York,NY,10007,www.healthfirst.org,Not-for-profit.,Private.,(212) 801-6000,(866) 463-6743,(212) 801-3245,CVS/Caremark Rx,CVS/Caremark Rx,"New York and New Jersey, plus Medicare Advantage plans in other states.","Managed Health Inc.; HealthFirst Health Plan of New Jersey; HealthFirst PHSP, Inc.; Senior Health Partners, Inc.",YES,NO,0,0,0,0,0,0,0,0,0,104,0,0,0,0,0,0,0,0,0,0,0,0,0,0,0,0,0,0,0,0,0,"52,472",0,0,"906,703",0,0,0,13,0,0,0,0,0,0,0,0,0,0,0,0,12,331,Health Plan of San Joaquin,San Joaquin County Health Commission.,,7751 South Manthey Road,French Camp,CA,95231,www.hpsj.com,Not-for-profit.,Government.,(209) 942-6300,(888) 936-7526,(209) 942-6305,ProCare Rx,,California.,"San Joaquin Health Commission, San Joaquin Health Administrators.",NO,NO,0,0,0,0,"198,200",0,0,0,0,0,0,0,0,0,0,0,0,0,0,0,0,0,0,0,0,0,0,0,0,0,0,0,0,0,0,0,0,0,0,0,0,0,0,0,0,0,0,0,0,0,0,0,341,"Capital District Physicians' Health Plan, Inc. (CDPHP)",,,500 Patroon Creek Boulevard,Albany,NY,12206-1057,www.cdphp.com,Not-for-profit.,Private.,(518) 641-3000,(888) 258-0477,,CVS/Caremark Rx,CVS/Caremark Rx,New York.,"CDPHP Universal Benefits, Inc.; Capital District Physicians' Healthcare Network, Inc.",YES,NO,0,0,0,0,0,0,0,0,0,0,0,0,0,0,0,0,0,0,0,0,0,0,0,0,0,0,0,0,0,0,0,0,0,0,"442,606",0,0,0,0,0,0,0,0,0,0,0,0,0,0,0,0,0,342,"Total Care, Inc.","SCHC Companies, Inc.",,P.O. Box 11507,Syracuse,NY,13218-1507,www.totalcareny.com,Not-for-profit.,Private.,(315) 234-5900,(800) 223-7242,,BioScrip,,New York.,"SCHC Total Care, Inc.",NO,NO,0,0,0,0,0,0,0,0,0,0,0,0,0,0,0,0,0,0,0,0,0,0,0,0,0,0,0,0,0,0,0,0,0,0,881,0,0,0,0,0,0,0,0,0,0,0,0,0,0,0,0,0,957,PrimeWest,PrimeWest Health System.,,"2209 Jefferson Street, Suite 101",Alexandria,MN,56308,www.primewest.org,Not-for-profit.,Government.,(320) 763-4135,(888) 588-4420,(320) 762-8750,Prime Therapeutics,,Minnesota.,PrimeWest Central County-Based Purchasing Initiative.,YES,NO,0,0,0,0,0,0,0,0,0,0,0,0,0,0,0,0,0,0,0,0,0,0,0,"25,772",0,0,0,0,0,0,0,0,0,0,0,0,0,0,0,0,0,0,0,0,0,0,0,0,0,0,0,0,958,Kaiser Foundation Health Plan of Hawaii,Kaiser Permanente.,26,711 Kapiolani Boulevard,Honolulu,HI,96813,www.kp.org,Not-for-profit.,Private.,(808) 432-5955,,(808) 432-5300,"MedImpact Healthcare Systems, Catamaran Corporation",,"Hawaii, plus Medicare Advantage plans in other states.",Kaiser Permanente Medicare Cost.,NO,NO,0,0,0,0,33,0,0,0,0,0,0,"228,418",0,0,0,0,0,0,0,0,0,0,0,0,0,0,0,0,0,0,0,0,0,20,0,0,0,0,0,0,0,0,0,0,0,0,0,18,0,0,0,0,154,SCAN Health Plan,,,"3800 Kilroy Airport Way, Suite 100",Long Beach,CA,90806,www.scanhealthplan.com,Not-for-profit.,Private.,(562) 989-5100,,(562) 989-5200,Express Scripts,,"Arizona, California.",SCAN Health Plan Arizona.,NO,NO,0,0,0,"12,930","137,187",0,0,0,0,0,0,0,0,0,0,0,0,0,0,0,0,0,0,0,0,0,0,0,0,0,0,0,0,0,0,0,0,0,0,0,0,0,0,0,0,0,0,0,0,0,0,0,1196,Triple-S Management Corporation,Triple-S Management Corporation.,,P.O. Box 363628,San Juan,PR,00936-3628,www.ssspr.com,For-profit.,Public.,(787) 774-6060,(877) 357-9777,(787) 706-2833,,,"Florida, Puerto Rico.","Blue Cross Blue Shield of Puerto Rico; Triple-S, Inc. (Blue Shield); La Cruz Azul de Puerto Rico; Triple-S Salud; Puerto Rico Health Plan.",NO,YES,0,0,0,0,0,0,0,0,0,12,0,0,0,0,0,0,0,0,0,0,0,0,0,0,0,0,0,0,0,0,0,0,0,0,0,0,0,0,0,0,0,0,0,0,0,0,0,0,0,0,0,"1,671,320",1418,Lummi Indian Health Center,,,2592 Kwina Road,Bellingham,WA,98226,www.lummi-nsn.org,Not-for-profit.,,(360) 384-0464,,(360) 384-4403,,,Washington.,,YES,NO,0,0,0,0,0,0,0,0,0,0,0,0,0,0,0,0,0,0,0,0,0,0,0,0,0,0,0,0,0,0,0,0,0,0,0,0,0,0,0,0,0,0,0,0,0,0,0,"1,018",0,0,0,0,1419,Native Health of Spokane,,,1803 West Maxwell Avenue,Spokane,WA,99201,www.nativeproject.org,Not-for-profit.,,(509) 483-7535,,,,,Washington.,,NO,NO,0,0,0,0,0,0,0,0,0,0,0,0,0,0,0,0,0,0,0,0,0,0,0,0,0,0,0,0,0,0,0,0,0,0,0,0,0,0,0,0,0,0,0,0,0,0,0,773,0,0,0,0,1420,Nooksack Community Clinic,,,P.O. Box 157,Deming,WA,98244,www.nooksacktribe.org/departments/health,Not-for-profit.,,(360) 966-2106,,(360) 996-7227,,,Washington.,,YES,NO,0,0,0,0,0,0,0,0,0,0,0,0,0,0,0,0,0,0,0,0,0,0,0,0,0,0,0,0,0,0,0,0,0,0,0,0,0,0,0,0,0,0,0,0,0,0,0,64,0,0,0,0,1422,Puyallup Tribal Health Authority,,,2209 East 32nd Street,Tacoma,WA,98404,www.eptha.com,Not-for-profit.,,(253) 593-0232,,(253) 272-6138,,,Washington.,,YES,NO,0,0,0,0,0,0,0,0,0,0,0,0,0,0,0,0,0,0,0,0,0,0,0,0,0,0,0,0,0,0,0,0,0,0,0,0,0,0,0,0,0,0,0,0,0,0,0,"1,311",0,0,0,0,1423,Quileute Health Center,Quileute Nation.,,560 Quileute Heights Loop; P.O. Box 189,La Push,WA,98350,http://quileutenation.org/government/clinic,Not-for-profit.,,(360) 374-9035,(800) 364-2809,(360) 374-2644,,,Washington.,"Quileute Family and Health, Quileute Health Clinic.",YES,NO,0,0,0,0,0,0,0,0,0,0,0,0,0,0,0,0,0,0,0,0,0,0,0,0,0,0,0,0,0,0,0,0,0,0,0,0,0,0,0,0,0,0,0,0,0,0,0,28,0,0,0,0,216,Community First Health Plans,Bexar County Hospital District dba University Health System.,,"12238 Silicon Drive, Suite 100",San Antonio,TX,78249,www.cfhp.com,Not-for-profit.,Private.,(210) 227-2347,(800) 434-2347,(210) 358-6014,Navitus Health Solutions,"Diplomat Pharmacy, Walgreens Specialty Pharmacy",Texas.,Community First Group Hospital Service Corp.,YES,NO,0,0,0,0,0,0,0,0,0,0,0,0,0,0,0,0,0,0,0,0,0,0,0,0,0,0,0,0,0,0,0,0,0,0,0,0,0,0,0,0,0,0,0,"130,252",0,0,0,0,0,0,0,0,219,"Independent Health Association, Inc.","Independent Health Association, Inc.",,511 Farber Lakes Drive,Buffalo,NY,14221,www.independenthealth.com,Not-for-profit.,Private.,(716) 631-3001,(716) 631-8701,(716) 635-4881,Pharmacy Benefit Dimensions,"Reliance Rx, Walgreens Specialty Pharmacy",New York and Nationwide.,Independent Health Benefits Corporation.,NO,NO,95,1,11,36,163,51,9,7,7,288,95,0,2,2,52,19,6,7,28,36,36,77,68,10,3,8,8,42,1,16,6,36,0,23,"363,414",102,7,24,"1,126",14,39,0,20,232,0,32,5,19,55,1,0,2,128235,Scott & White Health Plan (SWHP),Baylor Scott & White Healthcare.,,2401 South 31st Street,Temple,TX,76508,www.swhp.org,Not-for-profit.,Private.,(800) 321-7947,(254) 298-3000,(254) 298-3011,Internal (Scott & White Health Plan Prescription Services),Internal,Texas.,"fka Centroplex Health Plan; RightCare (Medicaid), SeniorCare (Medicare), Vital Traditions, Insurance Company of Scott & White.",YES,NO,0,0,0,0,0,0,0,0,0,0,0,0,0,0,0,0,0,0,0,0,0,0,0,0,0,0,0,0,0,0,0,0,0,0,0,0,0,0,0,0,0,0,0,"178,075",0,0,0,0,0,0,0,0,236,"Seton Health Plan, Inc.",Seton Healthcare.,,"7715 Chevy Chase Drive, Building IV, Suite 225",Austin,TX,78752,www.setonhealthplan.com,For-profit,Private.,(512) 421-5667,(512) 324-3350,(512) 421-4431,MedImpact Healthcare Systems,,Texas.,Seton Children's Health Plan CHIP.,YES,NO,0,0,0,0,0,0,0,0,0,0,0,0,0,0,0,0,0,0,0,0,0,0,0,0,0,0,0,0,0,0,0,0,0,0,0,0,0,0,0,0,0,0,0,"91,578",0,0,0,0,0,0,0,0,399,CalOPTIMA,Orange County Health Authority.,,505 City Parkway West,Orange,CA,92868,www.caloptima.org,Not-for-profit.,Government.,(714) 246-8500,,,PerformRx,,California.,California Orange Prevention and Treatment Integrated Medical Assistance.,NO,NO,0,0,0,0,"470,748",0,0,0,0,0,0,0,0,0,0,0,0,0,0,0,0,0,0,0,0,0,0,0,0,0,0,0,0,0,0,0,0,0,0,0,0,0,0,0,0,0,0,0,0,0,0,0,542,Physicians Health Plan,Sparrow Health System.,,1400 East Michigan Avenue,Lansing,MI,48912,www.phpmichigan.com,Not-for-profit.,Private.,(517) 364-8400,(517) 364-8500,(517) 364-8460,Express Scripts,Express Scripts (Medco/Accredo Health Group),Michigan.,fka Physicians Health Plan of Mid-Michigan.,YES,NO,0,0,0,0,0,0,0,0,0,0,0,0,0,0,0,0,0,0,0,0,0,"72,220",0,0,0,0,0,0,0,0,0,0,0,0,0,0,0,0,0,0,0,0,0,0,0,0,0,0,0,0,0,0,544,"Upper Peninsula Health Plan, The (UPHP)",Marquette General Hospital.,,228 West Washington Street,Marquette,MI,49855,www.uphp.com,For-profit,Private.,(906) 225-7500,(800) 835-2556,(906) 225-7690,Catamaran Corporation,Walgreens Specialty Pharmacy,Michigan.,,YES,NO,0,0,0,0,0,0,0,0,0,0,0,0,0,0,0,0,0,0,0,0,0,"30,808",0,0,0,0,0,0,0,0,0,0,0,0,0,0,0,0,0,0,0,0,0,0,0,0,0,0,0,0,0,0,1318,"Catholic Special Needs Plan, LLC/ArchCare Advantage","Catholic Health Care System (CHCS), Inc.",,"205 Lexington Avenue, 3rd Floor",New York,NY,10016,www.archcare.org,Not-for-profit.,Private.,(800) 373-3177,,,,,New York.,"ArchCare Senior Life PACE; Catholic Managed Long Term Care, Inc.; Archcare Community Life.",YES,NO,0,0,0,0,0,0,0,0,0,0,0,0,0,0,0,0,0,0,0,0,0,0,0,0,0,0,0,0,0,0,0,0,0,0,"1,959",0,0,0,0,0,0,0,0,0,0,0,0,0,0,0,0,0,1594,Complete Senior Care,"Health Association of Niagara County, Inc.",,1302 Main Street,Niagara Falls,NY,14301,www.completeseniorcare.org,Not-for-profit.,Private.,(716) 285-8248,,(716) 285-8249,,,New York.,,YES,NO,0,0,0,0,0,0,0,0,0,0,0,0,0,0,0,0,0,0,0,0,0,0,0,0,0,0,0,0,0,0,0,0,0,0,168,0,0,0,0,0,0,0,0,0,0,0,0,0,0,0,0,0,1424,Quinault Indian Nation,,,P.O. Box 189,Taholah,WA,98587,www.quinaultindiannation.com,Not-for-profit.,,(360) 276-8211,(888) 616-8211,(360) 276-4191,,,Washington.,,NO,NO,0,0,0,0,0,0,0,0,0,0,0,0,0,0,0,0,0,0,0,0,0,0,0,0,0,0,0,0,0,0,0,0,0,0,0,0,0,0,0,0,0,0,0,0,0,0,0,102,0,0,0,0,1425,Seattle Indian Health Board,,,P.O. Box 3364,Seattle,WA,98114,www.sihb.org,Not-for-profit.,,(206) 324-9360,,(020) 632-4891,,,Washington.,,YES,NO,0,0,0,0,0,0,0,0,0,0,0,0,0,0,0,0,0,0,0,0,0,0,0,0,0,0,0,0,0,0,0,0,0,0,0,0,0,0,0,0,0,0,0,0,0,0,0,745,0,0,0,0,1426,Shoalwater Bay Tribal Clinic,,,"2373 Old Tokeland Road, P.O. Box 500",Tokeland,WA,98590,www.shoalwaterbay-nsn.gov,Not-for-profit.,,(360) 267-0119,(800) 841-2244,(360) 267-0417,,,Washington.,,YES,NO,0,0,0,0,0,0,0,0,0,0,0,0,0,0,0,0,0,0,0,0,0,0,0,0,0,0,0,0,0,0,0,0,0,0,0,0,0,0,0,0,0,0,0,0,0,0,0,52,0,0,0,0,1429,Tulalip Indian Health Services,,,7520 Totem Beach Road,Tulalip,WA,98271,www.tulaliptribes-nsn.gov/Home/Government/Departments/HealthClinic.aspx,Not-for-profit.,,(360) 716-4511,,,,,Washington.,,YES,NO,0,0,0,0,0,0,0,0,0,0,0,0,0,0,0,0,0,0,0,0,0,0,0,0,0,0,0,0,0,0,0,0,0,0,0,0,0,0,0,0,0,0,0,0,0,0,0,395,0,0,0,0,1431,Yakama Health Center,,,401 Buster Road,Toppenish,WA,98948,www.yakamanation-nsn.gov,Not-for-profit.,Private.,(509) 865-2102,(509) 865-2025,(509) 865-6237,,,Washington.,,YES,NO,0,0,0,0,0,0,0,0,0,0,0,0,0,0,0,0,0,0,0,0,0,0,0,0,0,0,0,0,0,0,0,0,0,0,0,0,0,0,0,0,0,0,0,0,0,0,0,"2,174",0,0,0,0,1531,"Senior Network Health, LLC",Faxton St. Luke's Healthcare.,,P.O. Box 4215,Utica,NY,13502,http://faxtonstlukes.com/senior-network-health,Not-for-profit,Private.,(315) 624-4663,(888) 355-4764,(315) 624-4212,,,New York.,,YES,NO,0,0,0,0,0,0,0,0,0,0,0,0,0,0,0,0,0,0,0,0,0,0,0,0,0,0,0,0,0,0,0,0,0,0,450,0,0,0,0,0,0,0,0,0,0,0,0,0,0,0,0,0,1539,Total Aging in Place,"Menorah Campus, Inc.",,461 John James Audubon Parkway,Amherst,NY,14228,www.weinbergcampus.org,Not-for-profit,Private.,(716) 250-3100,(866) 882-8185,(716) 250-3160,,,New York (Erie County).,,YES,NO,0,0,0,0,0,0,0,0,0,0,0,0,0,0,0,0,0,0,0,0,0,0,0,0,0,0,0,0,0,0,0,0,0,0,119,0,0,0,0,0,0,0,0,0,0,0,0,0,0,0,0,0,1543,Centene Corporation,,,7700 Forsyth Boulevard,St. Louis,MO,63105,www.centene.com,For-profit.,Public.,(314) 725-4477,,,US Script,Acacia Health,"Arizona, California, Florida, Georgia, Illinois, Indiana, Louisiana, Kansas, Mississippi, Missouri, New Hampshire, Ohio, South Carolina, Texas, Washington, Wisconsin.","Absolute Total Care, Access Health Solutions, Bridgeway Health Solutions, Buckeye Community Health Plan, California Health and Wellness, Carolina Crescent Health Plan, Celticare Health, Citrus Health Care, Coordinated Care Corp., Granite State Health Plan, Home State Health Plan, IlliniCare Health Plan, Louisiana Healthcare Connections, Kentucky Spirit Health Plan, Managed Health Services of Indiana, Magnolia Health, Managed Health Services Insurance Corp., New Hampshire Healthy Families, NovaSys Health (TPA), Peach State Health Plan, Sunflower State Health Plan, Sunshine State Health Plan, Superior HealthPlan.",NO,NO,0,0,0,"6,968","90,204",0,0,0,0,"204,463","306,338",0,0,0,"22,589","225,604","134,480",0,"151,694",0,0,0,0,0,"77,502","58,439",0,0,0,0,"34,364",0,0,0,0,"148,757",0,0,0,0,"83,508",0,0,"923,814",0,0,0,"80,570","38,472",0,0,0,1545,"Molina Healthcare, Inc.",,,"200 Oceangate, Suite 100",Long Beach,CA,90802,www.molinahealthcare.com,For-profit.,Public.,(562) 435-3666,(888) 562-5442,(562) 951-1575,,,"California, Florida, Michigan, New Mexico, Ohio, Texas, Utah, Washington, Wisconsin.","Abri Health Plan; Molina Healthcare of California, Florida, Michigan, Missouri, New Mexico, Ohio, Texas, and Utah (dba American Family Care of Utah); Molina Healthcare of Washington, Today's Health. Community Health Solutions in Louisiana. Regional plans fka Florida NetPASS, aka Medipass; Alliance for Community Health, LLC, dba Community Care Plus; Lovelace Community Health Plan.",NO,NO,0,0,0,0,"363,000",0,0,0,0,"84,000",0,0,0,0,0,0,0,0,0,0,0,"213,000",0,0,0,0,0,0,0,0,0,0,"172,000",0,0,"261,000",0,0,0,0,0,0,0,"258,000","87,000",0,0,"409,000","95,000",0,0,0,1767,HealthSpan Integrated Care,HealthSpan Partners.,,"225 Pictoria Drive, Suite 320",Cincinnati,OH,45246,www.healthspan.org,Not-for-profit,Private.,(513) 551-1400,(888) 914-7726,(513) 551-1469,,,Ohio.,Kaiser Foundation Health Plan of Ohio; HealthSpan Medicare Plus (Cost).,YES,NO,0,0,0,0,0,0,0,0,0,0,0,0,0,0,0,0,0,0,0,0,0,0,0,0,0,0,0,0,0,0,0,0,0,0,0,"81,879",0,0,0,0,0,0,0,0,0,0,0,0,0,0,0,0,01791,Community Care Alliance of Illinois,Family Health Network,,"322 South Green Street, Suite 400",Chicago,IL,60607,www.ccaillinois.com,Not-for-profit,Private.,(312) 932-8181,(866) 871-2305,(312) 491-1175,CVS/Caremark Rx,,Illinois.,CCAI.,NO,NO,0,0,0,0,0,0,0,0,0,0,0,0,0,0,"2,000",0,0,0,0,0,0,0,0,0,0,0,0,0,0,0,0,0,0,0,0,0,0,0,0,0,0,0,0,0,0,0,0,0,0,0,0,0,1795,Magellan Complete Care,"Magellan Health Services, Inc.",,"7600 Northwest 19th Street, Suite 600",Miami,FL,33126,www.magellancompletecareoffl.com,For-profit,Public.,(800) 327-8613,,(888) 656-4894,,,Florida.,,NO,NO,0,0,0,0,0,0,0,0,0,430,0,0,0,0,0,0,0,0,0,0,0,0,0,0,0,0,0,0,0,0,0,0,0,0,0,0,0,0,0,0,0,0,0,0,0,0,0,0,0,0,0,0,1796,"Salubris, LLC",,,"2645 Southwest 37th Avenue, Suite 601",Miami,FL,33133,www.salubrisllc.com,For-profit,Private.,(877) 426-0930,,(888) 598-7414,,,Florida.,,YES,NO,0,0,0,0,0,0,0,0,0,743,0,0,0,0,0,0,0,0,0,0,0,0,0,0,0,0,0,0,0,0,0,0,0,0,0,0,0,0,0,0,0,0,0,0,0,0,0,0,0,0,0,0,1797,"Riverside Health, Inc.",,,"7001 Johnnycake Road, Suite 203",Windsor Mill,MD,21244,www.myriversidehealth.com,For-profit,Private.,(410) 878-7709,(800) 730-8530,(410) 849-0622,,,Maryland.,,NO,NO,0,0,0,0,0,0,0,0,0,0,0,0,0,0,0,0,0,0,0,0,0,0,"6,900",0,0,0,0,0,0,0,0,0,0,0,0,0,0,0,0,0,0,0,0,0,0,0,0,0,0,0,0,0,1798,Yamhill County Care Organization,,,P.O. Box 40328,Portland,OR,97240,www.yamhillcco.org,Not-for-profit,Private.,(503) 488-2800,(855) 722-8205,,,,Oregon.,,NO,NO,0,0,0,0,0,0,0,0,0,0,0,0,0,0,0,0,0,0,0,0,0,0,0,0,0,0,0,0,0,0,0,0,0,0,0,0,0,"17,000",0,0,0,0,0,0,0,0,0,0,0,0,0,0,